/*
* example_keys.c
*
* Copyright 2023, Laurence Lundblade
*
* Created by Laurence Lundblade on 6/13/23.
*
* SPDX-License-Identifier: BSD-3-Clause
*
* See BSD-3-Clause license in README.md
*/


#include "example_keys.h"


/*
 * See example_keys.h for documentation.
 *
 * All keys here are const byte arrays.
 *
 * In t_cose source, always 8 bytes per line.
 */



const unsigned char ec_P_256_key_pair_der[121] = {
    /* Sequence */
    0x30, 0x77,

    /* Version number */
    0x02, 0x01, 0x01,

    /* Private key DER intro */
    0x04, 0x20,

    /* Private key bytes */
    0xd9,
    0xb5, 0xe7, 0x1f, 0x77, 0x28, 0xbf, 0xe5, 0x63,
    0xa9, 0xdc, 0x93, 0x75, 0x62, 0x27, 0x7e, 0x32,
    0x7d, 0x98, 0xd9, 0x94, 0x80, 0xf3, 0xdc, 0x92,
    0x41, 0xe5, 0x74, 0x2a, 0xc4, 0x58, 0x89,

    /* OID for prime256v1 */
    0xa0,
    0x0a, 0x06, 0x08, 0x2a, 0x86, 0x48, 0xce, 0x3d,
    0x03, 0x01, 0x07,

    /* Public key DER intro and padding */
    0xa1, 0x44, 0x03, 0x42, 0x00,

    /* SEC Serialization of X and Y */
    0x04,

    /* X */
    0x40, 0x41, 0x6c, 0x8c, 0xda, 0xa0, 0xf7,
    0xa1, 0x75, 0x69, 0x55, 0x53, 0xc3, 0x27, 0x9c,
    0x10, 0x9c, 0xe9, 0x27, 0x7e, 0x53, 0xc5, 0x86,
    0x2a, 0xa7, 0x15, 0xed, 0xc6, 0x36, 0xf1, 0x71,
    0xca,

    /* Y */
    0x32, 0xf1, 0x76, 0x43, 0x54, 0x96, 0x15,
    0xe5, 0xc8, 0x34, 0x0d, 0x43, 0x32, 0xdd, 0x13,
    0x77, 0x8a, 0xec, 0x87, 0x15, 0x76, 0xa3, 0x3c,
    0x26, 0x08, 0x6c, 0x32, 0x0c, 0x9f, 0xf3, 0x3f,
    0xc7
};

const unsigned char ec_P_256_priv_key_sec1[32] = {
    0xd9, 0xb5, 0xe7, 0x1f, 0x77, 0x28, 0xbf, 0xe5,
    0x63, 0xa9, 0xdc, 0x93, 0x75, 0x62, 0x27, 0x7e,
    0x32, 0x7d, 0x98, 0xd9, 0x94, 0x80, 0xf3, 0xdc,
    0x92, 0x41, 0xe5, 0x74, 0x2a, 0xc4, 0x58, 0x89
};

const unsigned char ec_P_256_pub_key_der[91] = {
  0x30, 0x59, 0x30, 0x13, 0x06, 0x07, 0x2a, 0x86, 0x48, 0xce, 0x3d, 0x02,
  0x01, 0x06, 0x08, 0x2a, 0x86, 0x48, 0xce, 0x3d, 0x03, 0x01, 0x07, 0x03,
  0x42, 0x00, 0x04, 0x40, 0x41, 0x6c, 0x8c, 0xda, 0xa0, 0xf7, 0xa1, 0x75,
  0x69, 0x55, 0x53, 0xc3, 0x27, 0x9c, 0x10, 0x9c, 0xe9, 0x27, 0x7e, 0x53,
  0xc5, 0x86, 0x2a, 0xa7, 0x15, 0xed, 0xc6, 0x36, 0xf1, 0x71, 0xca, 0x32,
  0xf1, 0x76, 0x43, 0x54, 0x96, 0x15, 0xe5, 0xc8, 0x34, 0x0d, 0x43, 0x32,
  0xdd, 0x13, 0x77, 0x8a, 0xec, 0x87, 0x15, 0x76, 0xa3, 0x3c, 0x26, 0x08,
  0x6c, 0x32, 0x0c, 0x9f, 0xf3, 0x3f, 0xc7
};

const unsigned char ec_P_384_key_pair_der[167] = {
    0x30, 0x81, 0xa4, 0x02, 0x01, 0x01, 0x04, 0x30,
    0x63, 0x88, 0x1c, 0xbf, 0x86, 0x65, 0xec, 0x39,
    0x27, 0x33, 0x24, 0x2e, 0x5a, 0xae, 0x63, 0x3a,
    0xf5, 0xb1, 0xb4, 0x54, 0xcf, 0x7a, 0x55, 0x7e,
    0x44, 0xe5, 0x7c, 0xca, 0xfd, 0xb3, 0x59, 0xf9,
    0x72, 0x66, 0xec, 0x48, 0x91, 0xdf, 0x27, 0x79,
    0x99, 0xbd, 0x1a, 0xbc, 0x09, 0x36, 0x49, 0x9c,
    0xa0, 0x07, 0x06, 0x05, 0x2b, 0x81, 0x04, 0x00,
    0x22, 0xa1, 0x64, 0x03, 0x62, 0x00, 0x04, 0x14,
    0x2a, 0x78, 0x91, 0x06, 0x9b, 0xbe, 0x43, 0xa9,
    0xe8, 0xd2, 0xa7, 0xbd, 0x03, 0xdf, 0xc9, 0x12,
    0x62, 0x66, 0xb7, 0x84, 0xe3, 0x33, 0x4a, 0xf2,
    0xb5, 0xf9, 0x5e, 0xe0, 0x3f, 0xe5, 0xc7, 0xdc,
    0x1d, 0x56, 0xb3, 0x9f, 0x30, 0x6f, 0x97, 0xba,
    0x00, 0xd8, 0xcf, 0x41, 0xea, 0x95, 0x5f, 0xeb,
    0x55, 0x62, 0xab, 0x7c, 0xb7, 0x58, 0xd0, 0xe8,
    0xde, 0xcf, 0x64, 0x69, 0x32, 0x50, 0xb3, 0x06,
    0x70, 0xb0, 0xbc, 0x84, 0xcb, 0xa7, 0x1f, 0x2f,
    0x1b, 0xf6, 0xad, 0x54, 0x56, 0x0a, 0x75, 0x83,
    0xe1, 0xcf, 0xb6, 0x12, 0x2e, 0x0a, 0xde, 0xf9,
    0xaa, 0x37, 0x64, 0x1a, 0x51, 0x1c, 0x27
};

const unsigned char ec_P_384_priv_key_sec1[48] = {
    0x63, 0x88, 0x1c, 0xbf, 0x86, 0x65, 0xec, 0x39,
    0x27, 0x33, 0x24, 0x2e, 0x5a, 0xae, 0x63, 0x3a,
    0xf5, 0xb1, 0xb4, 0x54, 0xcf, 0x7a, 0x55, 0x7e,
    0x44, 0xe5, 0x7c, 0xca, 0xfd, 0xb3, 0x59, 0xf9,
    0x72, 0x66, 0xec, 0x48, 0x91, 0xdf, 0x27, 0x79,
    0x99, 0xbd, 0x1a, 0xbc, 0x09, 0x36, 0x49, 0x9c
};


const unsigned char ec_P_521_key_pair_der[223] = {
    0x30, 0x81, 0xdc, 0x02, 0x01, 0x01, 0x04, 0x42,
    0x00, 0x4b, 0x35, 0x4d, 0xa4, 0xab, 0xf7, 0xa5,
    0x4f, 0xac, 0xee, 0x06, 0x49, 0x4a, 0x97, 0x0e,
    0xa6, 0x5f, 0x85, 0xf0, 0x6a, 0x2e, 0xfb, 0xf8,
    0xdd, 0x60, 0x9a, 0xf1, 0x0b, 0x7a, 0x13, 0xf7,
    0x90, 0xf8, 0x9f, 0x49, 0x02, 0xbf, 0x5d, 0x5d,
    0x71, 0xa0, 0x90, 0x93, 0x11, 0xfd, 0x0c, 0xda,
    0x7b, 0x6a, 0x5f, 0x7b, 0x82, 0x9d, 0x79, 0x61,
    0xe1, 0x6b, 0x31, 0x0a, 0x30, 0x6f, 0x4d, 0xf3,
    0x8b, 0xe3, 0xa0, 0x07, 0x06, 0x05, 0x2b, 0x81,
    0x04, 0x00, 0x23, 0xa1, 0x81, 0x89, 0x03, 0x81,
    0x86, 0x00, 0x04, 0x00, 0x64, 0x27, 0x45, 0x07,
    0x38, 0xbd, 0xd7, 0x1a, 0x87, 0xea, 0x20, 0xfb,
    0x93, 0x6f, 0x1c, 0xde, 0xb3, 0x42, 0xcc, 0xf4,
    0x58, 0x87, 0x79, 0x0f, 0x69, 0xaf, 0x5b, 0xff,
    0x72, 0x96, 0x35, 0xb9, 0x6e, 0x8a, 0x55, 0x64,
    0x00, 0x44, 0xfe, 0x63, 0x20, 0x4f, 0x65, 0x3a,
    0x3a, 0x47, 0xcf, 0x3a, 0x7f, 0x60, 0x5d, 0xcb,
    0xe6, 0xb4, 0x5a, 0x57, 0x2f, 0xc8, 0x74, 0x62,
    0xcf, 0x98, 0x58, 0x33, 0x59, 0x00, 0xb9, 0xd0,
    0xbc, 0x76, 0x2a, 0x37, 0x15, 0x3b, 0x9d, 0x3c,
    0x62, 0xe9, 0xcc, 0x63, 0x00, 0xab, 0x7b, 0x01,
    0xb1, 0x00, 0x77, 0x02, 0x14, 0xdb, 0x5e, 0xb8,
    0xda, 0xac, 0x72, 0xf1, 0xd4, 0xa6, 0x17, 0xc5,
    0x12, 0x97, 0x95, 0x6b, 0x98, 0x0b, 0xe0, 0x19,
    0xf1, 0xf6, 0xd1, 0x0c, 0x09, 0xec, 0x1e, 0x2f,
    0x51, 0x7a, 0x87, 0x71, 0x3c, 0x63, 0x25, 0x01,
    0x43, 0xc0, 0xa8, 0x52, 0x1f, 0xf9, 0x53
};


const unsigned char ec_P_521_priv_key_sec1[66] = {
    0x00, 0x4b, 0x35, 0x4d, 0xa4, 0xab, 0xf7, 0xa5,
    0x4f, 0xac, 0xee, 0x06, 0x49, 0x4a, 0x97, 0x0e,
    0xa6, 0x5f, 0x85, 0xf0, 0x6a, 0x2e, 0xfb, 0xf8,
    0xdd, 0x60, 0x9a, 0xf1, 0x0b, 0x7a, 0x13, 0xf7,
    0x90, 0xf8, 0x9f, 0x49, 0x02, 0xbf, 0x5d, 0x5d,
    0x71, 0xa0, 0x90, 0x93, 0x11, 0xfd, 0x0c, 0xda,
    0x7b, 0x6a, 0x5f, 0x7b, 0x82, 0x9d, 0x79, 0x61,
    0xe1, 0x6b, 0x31, 0x0a, 0x30, 0x6f, 0x4d, 0xf3,
    0x8b, 0xe3
};




const unsigned char cose_ex_P_256_priv_sec1[32] = {
    0xaf, 0xf9, 0x07, 0xc9, 0x9f, 0x9a, 0xd3, 0xaa,
    0xe6, 0xc4, 0xcd, 0xf2, 0x11, 0x22, 0xbc, 0xe2,
    0xbd, 0x68, 0xb5, 0x28, 0x3e, 0x69, 0x07, 0x15,
    0x4a, 0xd9, 0x11, 0x84, 0x0f, 0xa2, 0x08, 0xcf};


const unsigned char cose_ex_P_256_pub_sec1[65] = {
    /* SEC Serialization of X and Y */
    0x04,

    /* X & Y */
    0x65, 0xed, 0xa5, 0xa1, 0x25, 0x77, 0xc2, 0xba,
    0xe8, 0x29, 0x43, 0x7f, 0xe3, 0x38, 0x70, 0x1a,
    0x10, 0xaa, 0xa3, 0x75, 0xe1, 0xbb, 0x5b, 0x5d,
    0xe1, 0x08, 0xde, 0x43, 0x9c, 0x08, 0x55, 0x1d,

    0x1e, 0x52, 0xed, 0x75, 0x70, 0x11, 0x63, 0xf7,
    0xf9, 0xe4, 0x0d, 0xdf, 0x9f, 0x34, 0x1b, 0x3d,
    0xc9, 0xba, 0x86, 0x0a, 0xf7, 0xe0, 0xca, 0x7c,
    0xa7, 0xe9, 0xee, 0xcd, 0x00, 0x84, 0xd1, 0x9c
};


const unsigned char cose_ex_P_256_pair_der[121] = {
    /* Sequence */
    0x30, 0x77,

    /* Version number */
    0x02, 0x01, 0x01,

    /* Private key DER intro */
    0x04, 0x20,

    /* Private key bytes */
    0xaf, 0xf9, 0x07, 0xc9, 0x9f, 0x9a, 0xd3, 0xaa,
    0xe6, 0xc4, 0xcd, 0xf2, 0x11, 0x22, 0xbc, 0xe2,
    0xbd, 0x68, 0xb5, 0x28, 0x3e, 0x69, 0x07, 0x15,
    0x4a, 0xd9, 0x11, 0x84, 0x0f, 0xa2, 0x08, 0xcf,

    /* OID for prime256v1 */
    0xa0,
    0x0a, 0x06, 0x08, 0x2a, 0x86, 0x48, 0xce, 0x3d,
    0x03, 0x01, 0x07,

    /* Public key DER intro and padding */
    0xa1, 0x44, 0x03, 0x42, 0x00,

    /* SEC Serialization of X and Y */
    0x04,

    /* X & Y */
    0x65, 0xed, 0xa5, 0xa1, 0x25, 0x77, 0xc2, 0xba,
    0xe8, 0x29, 0x43, 0x7f, 0xe3, 0x38, 0x70, 0x1a,
    0x10, 0xaa, 0xa3, 0x75, 0xe1, 0xbb, 0x5b, 0x5d,
    0xe1, 0x08, 0xde, 0x43, 0x9c, 0x08, 0x55, 0x1d,

    0x1e, 0x52, 0xed, 0x75, 0x70, 0x11, 0x63, 0xf7,
    0xf9, 0xe4, 0x0d, 0xdf, 0x9f, 0x34, 0x1b, 0x3d,
    0xc9, 0xba, 0x86, 0x0a, 0xf7, 0xe0, 0xca, 0x7c,
    0xa7, 0xe9, 0xee, 0xcd, 0x00, 0x84, 0xd1, 0x9c
};


const unsigned char cose_ex_P_256_pub_der[91] = {
    /* Sequence */
    0x30, 0x59,

    /* Sequence */
    0x30, 0x13,

    /* OID for pub key */
    0x06, 0x07, 0x2a, 0x86, 0x48, 0xce, 0x3d, 0x02,
    0x01,

    /* OID for prime256v1 */
    0x06, 0x08, 0x2a, 0x86, 0x48, 0xce, 0x3d, 0x03,
    0x01, 0x07,

    /* Pub key DER intro */
    0x03, 0x42, 0x00,

    /* SECG Serialization */
    /* 0x04 == uncompressed --> X and Y follow */
    0x04,

    0x65, 0xed, 0xa5, 0xa1, 0x25, 0x77, 0xc2, 0xba,
    0xe8, 0x29, 0x43, 0x7f, 0xe3, 0x38, 0x70, 0x1a,
    0x10, 0xaa, 0xa3, 0x75, 0xe1, 0xbb, 0x5b, 0x5d,
    0xe1, 0x08, 0xde, 0x43, 0x9c, 0x08, 0x55, 0x1d,

    0x1e, 0x52, 0xed, 0x75, 0x70, 0x11, 0x63, 0xf7,
    0xf9, 0xe4, 0x0d, 0xdf, 0x9f, 0x34, 0x1b, 0x3d,
    0xc9, 0xba, 0x86, 0x0a, 0xf7, 0xe0, 0xca, 0x7c,
    0xa7, 0xe9, 0xee, 0xcd, 0x00, 0x84, 0xd1, 0x9c
};


const unsigned char cose_ex_P_521_priv_sec1[66] = {
    0x00, 0x08, 0x51, 0x38, 0xdd, 0xab, 0xf5, 0xca,
    0x97, 0x5f, 0x58, 0x60, 0xf9, 0x1a, 0x08, 0xe9,
    0x1d, 0x6d, 0x5f, 0x9a, 0x76, 0xad, 0x40, 0x18,
    0x76, 0x6a, 0x47, 0x66, 0x80, 0xb5, 0x5c, 0xd3,
    0x39, 0xe8, 0xab, 0x6c, 0x72, 0xb5, 0xfa, 0xcd,
    0xb2, 0xa2, 0xa5, 0x0a, 0xc2, 0x5b, 0xd0, 0x86,
    0x64, 0x7d, 0xd3, 0xe2, 0xe6, 0xe9, 0x9e, 0x84,
    0xca, 0x2c, 0x36, 0x09, 0xfd, 0xf1, 0x77, 0xfe,
    0xb2, 0x6d
};


const unsigned char cose_ex_P_521_pub_sec1[133] = {
    /* SEC Serialization of X and Y */
    0x04,

    /* X */
    0x00, 0x72, 0x99, 0x2c, 0xb3, 0xac, 0x08, 0xec,
    0xf3, 0xe5, 0xc6, 0x3d, 0xed, 0xec, 0x0d, 0x51,
    0xa8, 0xc1, 0xf7, 0x9e, 0xf2, 0xf8, 0x2f, 0x94,
    0xf3, 0xc7, 0x37, 0xbf, 0x5d, 0xe7, 0x98, 0x66,
    0x71, 0xea, 0xc6, 0x25, 0xfe, 0x82, 0x57, 0xbb,
    0xd0, 0x39, 0x46, 0x44, 0xca, 0xaa, 0x3a, 0xaf,
    0x8f, 0x27, 0xa4, 0x58, 0x5f, 0xbb, 0xca, 0xd0,
    0xf2, 0x45, 0x76, 0x20, 0x08, 0x5e, 0x5c, 0x8f,
    0x42, 0xad,

    /* Y */
    0x01, 0xdc, 0xa6, 0x94, 0x7b, 0xce, 0x88, 0xbc,
    0x57, 0x90, 0x48, 0x5a, 0xc9, 0x74, 0x27, 0x34,
    0x2b, 0xc3, 0x5f, 0x88, 0x7d, 0x86, 0xd6, 0x5a,
    0x08, 0x93, 0x77, 0xe2, 0x47, 0xe6, 0x0b, 0xaa,
    0x55, 0xe4, 0xe8, 0x50, 0x1e, 0x2a, 0xda, 0x57,
    0x24, 0xac, 0x51, 0xd6, 0x90, 0x90, 0x08, 0x03,
    0x3e, 0xbc, 0x10, 0xac, 0x99, 0x9b, 0x9d, 0x7f,
    0x5c, 0xc2, 0x51, 0x9f, 0x3f, 0xe1, 0xea, 0x1d,
    0x94, 0x75
};


const unsigned char cose_ex_P_521_pair_der[223] = {
    /* Sequence */
    0x30, 0x81, 0xdc,

    /* Version number */
    0x02, 0x01, 0x01,

    /* Private key DER intro */
    0x04, 0x42,

    /* Private key bytes */
    0x00, 0x08, 0x51, 0x38, 0xdd, 0xab, 0xf5, 0xca,
    0x97, 0x5f, 0x58, 0x60, 0xf9, 0x1a, 0x08, 0xe9,
    0x1d, 0x6d, 0x5f, 0x9a, 0x76, 0xad, 0x40, 0x18,
    0x76, 0x6a, 0x47, 0x66, 0x80, 0xb5, 0x5c, 0xd3,
    0x39, 0xe8, 0xab, 0x6c, 0x72, 0xb5, 0xfa, 0xcd,
    0xb2, 0xa2, 0xa5, 0x0a, 0xc2, 0x5b, 0xd0, 0x86,
    0x64, 0x7d, 0xd3, 0xe2, 0xe6, 0xe9, 0x9e, 0x84,
    0xca, 0x2c, 0x36, 0x09, 0xfd, 0xf1, 0x77, 0xfe,
    0xb2, 0x6d,

    /* OID for prime256v1 */
    0xa0, 0x07, 0x06, 0x05, 0x2b, 0x81, 0x04, 0x00,
    0x23,

    /* Public key DER intro and padding */
    0xa1, 0x81, 0x89, 0x03, 0x81, 0x86, 0x00,

    /* SEC Serialization of X and Y */
    0x04,

    /* X */
    0x00, 0x72, 0x99, 0x2c, 0xb3, 0xac, 0x08, 0xec,
    0xf3, 0xe5, 0xc6, 0x3d, 0xed, 0xec, 0x0d, 0x51,
    0xa8, 0xc1, 0xf7, 0x9e, 0xf2, 0xf8, 0x2f, 0x94,
    0xf3, 0xc7, 0x37, 0xbf, 0x5d, 0xe7, 0x98, 0x66,
    0x71, 0xea, 0xc6, 0x25, 0xfe, 0x82, 0x57, 0xbb,
    0xd0, 0x39, 0x46, 0x44, 0xca, 0xaa, 0x3a, 0xaf,
    0x8f, 0x27, 0xa4, 0x58, 0x5f, 0xbb, 0xca, 0xd0,
    0xf2, 0x45, 0x76, 0x20, 0x08, 0x5e, 0x5c, 0x8f,
    0x42, 0xad,

    /* Y */
    0x01, 0xdc, 0xa6, 0x94, 0x7b, 0xce, 0x88, 0xbc,
    0x57, 0x90, 0x48, 0x5a, 0xc9, 0x74, 0x27, 0x34,
    0x2b, 0xc3, 0x5f, 0x88, 0x7d, 0x86, 0xd6, 0x5a,
    0x08, 0x93, 0x77, 0xe2, 0x47, 0xe6, 0x0b, 0xaa,
    0x55, 0xe4, 0xe8, 0x50, 0x1e, 0x2a, 0xda, 0x57,
    0x24, 0xac, 0x51, 0xd6, 0x90, 0x90, 0x08, 0x03,
    0x3e, 0xbc, 0x10, 0xac, 0x99, 0x9b, 0x9d, 0x7f,
    0x5c, 0xc2, 0x51, 0x9f, 0x3f, 0xe1, 0xea, 0x1d,
    0x94, 0x75
};


const unsigned char cose_ex_P_521_pub_der[158] = {
    /* Sequence */
    0x30, 0x81, 0x9b,

    /* Sequence */
    0x30, 0x10,

    /* OID id-ecPublicKey for pub key */
    0x06, 0x07, 0x2a, 0x86, 0x48, 0xce, 0x3d, 0x02,
    0x01,

    /* OID for secp521r1 */
    0x06, 0x05, 0x2b, 0x81, 0x04, 0x00, 0x23,

    /* Pub key DER intro */
    0x03, 0x81, 0x86, 0x00,

    /* SEC Serialization of X and Y */
    0x04,

    /* X */
    0x00, 0x72, 0x99, 0x2c, 0xb3, 0xac, 0x08, 0xec,
    0xf3, 0xe5, 0xc6, 0x3d, 0xed, 0xec, 0x0d, 0x51,
    0xa8, 0xc1, 0xf7, 0x9e, 0xf2, 0xf8, 0x2f, 0x94,
    0xf3, 0xc7, 0x37, 0xbf, 0x5d, 0xe7, 0x98, 0x66,
    0x71, 0xea, 0xc6, 0x25, 0xfe, 0x82, 0x57, 0xbb,
    0xd0, 0x39, 0x46, 0x44, 0xca, 0xaa, 0x3a, 0xaf,
    0x8f, 0x27, 0xa4, 0x58, 0x5f, 0xbb, 0xca, 0xd0,
    0xf2, 0x45, 0x76, 0x20, 0x08, 0x5e, 0x5c, 0x8f,
    0x42, 0xad,

    /* Y */
    0x01, 0xdc, 0xa6, 0x94, 0x7b, 0xce, 0x88, 0xbc,
    0x57, 0x90, 0x48, 0x5a, 0xc9, 0x74, 0x27, 0x34,
    0x2b, 0xc3, 0x5f, 0x88, 0x7d, 0x86, 0xd6, 0x5a,
    0x08, 0x93, 0x77, 0xe2, 0x47, 0xe6, 0x0b, 0xaa,
    0x55, 0xe4, 0xe8, 0x50, 0x1e, 0x2a, 0xda, 0x57,
    0x24, 0xac, 0x51, 0xd6, 0x90, 0x90, 0x08, 0x03,
    0x3e, 0xbc, 0x10, 0xac, 0x99, 0x9b, 0x9d, 0x7f,
    0x5c, 0xc2, 0x51, 0x9f, 0x3f, 0xe1, 0xea, 0x1d,
    0x94, 0x75
};




const unsigned char RSA_2048_key_pair_der[1191] = {
    0x30, 0x82, 0x04, 0xa3, 0x02, 0x01, 0x00, 0x02,
    0x82, 0x01, 0x01, 0x00, 0x9e, 0x4e, 0x3b, 0x05,
    0xb4, 0x33, 0xe5, 0x49, 0x68, 0xdc, 0x64, 0xa0,
    0x4e, 0x2c, 0x63, 0xd8, 0x11, 0x25, 0x7c, 0xe0,
    0x63, 0xb6, 0x64, 0x89, 0x0b, 0xbd, 0xcd, 0x62,
    0x30, 0xd4, 0x52, 0xa2, 0x52, 0xe0, 0x61, 0x84,
    0xee, 0xf9, 0x6e, 0x14, 0x9f, 0x9e, 0x0e, 0xee,
    0x67, 0x51, 0x09, 0xa9, 0x15, 0x05, 0x07, 0x17,
    0x09, 0x93, 0x76, 0x87, 0x45, 0x2b, 0x89, 0xfd,
    0x7c, 0xa7, 0xfa, 0xfc, 0x1b, 0x7b, 0x6e, 0xbb,
    0x5f, 0xfc, 0x8a, 0xca, 0xc9, 0x14, 0xb4, 0xd0,
    0xe8, 0x91, 0xb1, 0x60, 0xe8, 0x89, 0x54, 0xe0,
    0x06, 0x0b, 0x59, 0xff, 0x90, 0x12, 0x34, 0x47,
    0xd7, 0xbf, 0x82, 0xa8, 0x48, 0x77, 0x46, 0x56,
    0x2c, 0xfb, 0x84, 0x00, 0x01, 0xdb, 0x6b, 0x14,
    0xe2, 0x5a, 0xc7, 0x77, 0x3c, 0x8e, 0x48, 0x59,
    0x21, 0xc6, 0x7a, 0x28, 0x17, 0x3f, 0xfa, 0xe1,
    0xea, 0xc4, 0x6f, 0xa0, 0x0d, 0xf0, 0x04, 0x5a,
    0x29, 0x97, 0x2e, 0x96, 0x35, 0x25, 0xba, 0x0a,
    0x39, 0x51, 0x9e, 0x1d, 0x64, 0x95, 0xad, 0xc8,
    0xc1, 0xa6, 0xfd, 0x61, 0xa1, 0x56, 0x40, 0x96,
    0x85, 0x42, 0x83, 0x1e, 0x8f, 0xc8, 0xfa, 0x70,
    0x2b, 0xea, 0xbd, 0xe6, 0x2d, 0x6f, 0x6a, 0x73,
    0x00, 0x2a, 0x8f, 0x8e, 0x2c, 0x28, 0xdb, 0xc0,
    0xa0, 0x23, 0x37, 0x6f, 0x67, 0xe3, 0x3d, 0x8f,
    0xe6, 0x12, 0xbe, 0x8c, 0xdf, 0x67, 0xfb, 0xbf,
    0xe2, 0x80, 0xd0, 0xdf, 0xe0, 0xf9, 0x68, 0xeb,
    0x7f, 0x37, 0x4f, 0x17, 0xb8, 0x1e, 0x06, 0x46,
    0x1a, 0x47, 0x6b, 0xd3, 0x40, 0x2c, 0x9a, 0xd1,
    0xc5, 0x5c, 0xd2, 0x59, 0xad, 0x78, 0x82, 0x1b,
    0x07, 0x49, 0x0e, 0x70, 0xa4, 0x69, 0x0c, 0xac,
    0xf4, 0x78, 0x2e, 0x2d, 0x3e, 0x94, 0xc2, 0x3b,
    0x80, 0xbc, 0x88, 0x91, 0xc9, 0xfe, 0x06, 0x1c,
    0x19, 0xe3, 0x22, 0xbf, 0x02, 0x03, 0x01, 0x00,
    0x01, 0x02, 0x82, 0x01, 0x00, 0x57, 0x8b, 0x07,
    0x94, 0xc5, 0xec, 0x94, 0xf5, 0x9d, 0xa9, 0x93,
    0x74, 0x1b, 0x06, 0xed, 0x48, 0x05, 0x63, 0x67,
    0xc5, 0x67, 0x1e, 0xec, 0x45, 0xe5, 0x5a, 0x57,
    0x03, 0xdf, 0xe0, 0xea, 0xb9, 0x9d, 0x7f, 0x3c,
    0x2e, 0x99, 0x41, 0x12, 0xa1, 0x11, 0x0c, 0x05,
    0x51, 0xcd, 0x8c, 0xc0, 0xfc, 0xe2, 0x04, 0xdf,
    0xc0, 0xdb, 0xa8, 0xd2, 0xb9, 0x47, 0x85, 0x26,
    0x50, 0x29, 0xe9, 0x73, 0x20, 0x8b, 0xca, 0x1c,
    0x98, 0x3e, 0x22, 0x98, 0x56, 0x40, 0x10, 0xd5,
    0x55, 0x59, 0xe7, 0x87, 0xe2, 0x01, 0x76, 0x40,
    0x9b, 0x8a, 0x7c, 0x28, 0x8e, 0xed, 0x8b, 0x43,
    0xa2, 0x1f, 0x2b, 0x67, 0x03, 0xcc, 0xdf, 0x38,
    0xe4, 0x5b, 0x07, 0xd4, 0x1d, 0x74, 0xe9, 0x74,
    0x34, 0x1e, 0x60, 0xf9, 0x41, 0x75, 0x19, 0x71,
    0xe4, 0xe8, 0x8a, 0xab, 0xef, 0x13, 0xbc, 0x6b,
    0xef, 0x17, 0x36, 0xfe, 0x4a, 0xf3, 0xe6, 0x17,
    0x45, 0xd5, 0xfd, 0x7b, 0x82, 0xc6, 0x35, 0x72,
    0x77, 0x91, 0x3d, 0x05, 0xd4, 0x00, 0xa3, 0x0d,
    0xd5, 0x9a, 0x4e, 0x6b, 0xf4, 0x6f, 0xd5, 0xe9,
    0x31, 0x58, 0x3e, 0x01, 0xfc, 0x7e, 0x7a, 0x80,
    0x8f, 0x1e, 0x78, 0xbc, 0x31, 0x23, 0x03, 0x6a,
    0x30, 0x31, 0x4e, 0xbb, 0x0e, 0x8f, 0xed, 0x26,
    0x8d, 0x2d, 0x29, 0xc9, 0x83, 0xb8, 0x57, 0x39,
    0x90, 0xd0, 0x43, 0x51, 0xb6, 0xf8, 0x5c, 0x20,
    0xbe, 0x8e, 0x5d, 0xed, 0xde, 0x82, 0xe7, 0x0a,
    0xf2, 0x7f, 0x76, 0x8c, 0x9d, 0x8a, 0x76, 0xa5,
    0xb3, 0x63, 0x59, 0x4a, 0xcb, 0x90, 0x2b, 0x5f,
    0xa4, 0xb9, 0x63, 0x10, 0x12, 0xaa, 0xa8, 0x87,
    0xed, 0x60, 0x06, 0x2d, 0x1f, 0x0f, 0xad, 0x19,
    0xde, 0xd0, 0xff, 0x6f, 0x2c, 0xc2, 0x4c, 0x9e,
    0x1f, 0x89, 0xc8, 0x18, 0xa0, 0x42, 0xad, 0xa0,
    0xa0, 0x37, 0x17, 0x68, 0x01, 0x02, 0x81, 0x81,
    0x00, 0xcf, 0xcd, 0x4a, 0x0e, 0xcb, 0xe9, 0x19,
    0x57, 0x2d, 0x42, 0x8a, 0xbf, 0xf9, 0x9b, 0xbc,
    0xe1, 0x45, 0x87, 0x1c, 0xbe, 0xc4, 0x64, 0x9b,
    0xbb, 0x40, 0x0c, 0xc5, 0x34, 0xbe, 0xbf, 0xcf,
    0x6c, 0xc1, 0x4c, 0x5d, 0x72, 0x6b, 0x3f, 0xdf,
    0x0c, 0x81, 0x7b, 0x2c, 0x30, 0xbf, 0x93, 0x49,
    0x99, 0x28, 0xb1, 0x88, 0xf9, 0x76, 0x13, 0x6d,
    0xe3, 0x1a, 0x85, 0xcf, 0x34, 0x77, 0x72, 0x76,
    0x70, 0xe9, 0xe5, 0x5e, 0xc6, 0x1d, 0x7f, 0xec,
    0x11, 0x6e, 0xf8, 0x50, 0x9d, 0xb3, 0x04, 0xd9,
    0x0c, 0xc3, 0xf5, 0x40, 0x98, 0x8c, 0x77, 0x96,
    0x89, 0x69, 0x10, 0xb3, 0xa8, 0x43, 0x99, 0x95,
    0xc8, 0x6c, 0x21, 0x16, 0x36, 0x33, 0xf8, 0x6c,
    0x4b, 0x99, 0x24, 0x64, 0x93, 0xbb, 0xbf, 0xa5,
    0x3f, 0xed, 0xd4, 0x66, 0x9c, 0x3e, 0xd6, 0xf9,
    0x62, 0x43, 0x41, 0xe5, 0xaf, 0xfe, 0x8e, 0x98,
    0xbf, 0x02, 0x81, 0x81, 0x00, 0xc3, 0x05, 0xfc,
    0x0e, 0xaa, 0x94, 0x58, 0xbe, 0x92, 0xdb, 0x0e,
    0x89, 0x30, 0x18, 0x7e, 0xa2, 0x2c, 0x5f, 0x16,
    0xad, 0x9f, 0xd2, 0x4b, 0x40, 0x8d, 0x60, 0x30,
    0xfa, 0x9b, 0xaa, 0xcb, 0x20, 0xcd, 0x18, 0x63,
    0x1d, 0x51, 0xda, 0xb3, 0x61, 0xb1, 0xcc, 0x82,
    0x45, 0x2a, 0x84, 0x82, 0x7b, 0xb5, 0xc1, 0x0c,
    0xd4, 0xe5, 0xe4, 0x0f, 0x03, 0xe7, 0x92, 0x48,
    0x24, 0x85, 0x4c, 0xa6, 0x02, 0xd3, 0x7b, 0xe8,
    0xb8, 0x9e, 0xf4, 0x92, 0xb9, 0x55, 0x71, 0x2e,
    0x80, 0x45, 0x7c, 0x80, 0x62, 0x20, 0x1b, 0x9a,
    0xbb, 0x18, 0x36, 0x36, 0x5d, 0x69, 0xf0, 0xea,
    0x41, 0x5c, 0x4c, 0x75, 0x5c, 0x62, 0xc9, 0x4f,
    0xae, 0xb0, 0xad, 0x98, 0xc5, 0x03, 0xf2, 0xf9,
    0xde, 0x1f, 0x01, 0xe9, 0x1e, 0x3d, 0xe8, 0xf8,
    0x84, 0xaf, 0x49, 0x61, 0x2f, 0x4e, 0x20, 0xb4,
    0x18, 0x79, 0xb3, 0xf6, 0x01, 0x02, 0x81, 0x80,
    0x72, 0xe2, 0x03, 0xf7, 0x7a, 0x34, 0x3c, 0x96,
    0x3d, 0xa7, 0x74, 0x1d, 0xfe, 0x59, 0x63, 0x6b,
    0x07, 0x8d, 0x53, 0x0f, 0x04, 0x74, 0xba, 0xc4,
    0x22, 0xfc, 0xec, 0x69, 0xe4, 0xab, 0x16, 0x7a,
    0x01, 0xc3, 0xbe, 0x45, 0xeb, 0x95, 0x3c, 0x33,
    0x25, 0xc2, 0x7b, 0x03, 0xd8, 0x66, 0x0d, 0x62,
    0x67, 0x64, 0xff, 0x5d, 0x2b, 0x32, 0x42, 0xa6,
    0x33, 0x9b, 0x96, 0x9a, 0x63, 0x0f, 0x1c, 0xfb,
    0xff, 0xd3, 0x97, 0x39, 0xe0, 0x45, 0x40, 0xb5,
    0xc2, 0xab, 0xf5, 0xa5, 0xb9, 0xbb, 0x0c, 0x64,
    0x4a, 0x51, 0xe4, 0x8c, 0x71, 0xdc, 0x0b, 0x95,
    0x9c, 0x48, 0x67, 0x8a, 0xb7, 0x14, 0xca, 0x02,
    0x2c, 0x05, 0x7e, 0xca, 0x28, 0xa1, 0x46, 0xfd,
    0xe4, 0x84, 0x82, 0x36, 0x4a, 0xae, 0x01, 0x25,
    0xfe, 0xce, 0x56, 0x8c, 0x3b, 0x11, 0x8e, 0x7e,
    0x0c, 0xc0, 0xf9, 0xc2, 0xfa, 0xf0, 0xca, 0xf1,
    0x02, 0x81, 0x80, 0x61, 0x53, 0x61, 0x40, 0xe8,
    0x7b, 0xf3, 0xf5, 0xd7, 0x50, 0x1e, 0xe6, 0xf3,
    0xeb, 0xa5, 0x76, 0xc5, 0x72, 0x06, 0xdd, 0x4a,
    0xff, 0x25, 0xb2, 0xe7, 0x5a, 0xf3, 0xd6, 0x7d,
    0x4d, 0x34, 0xe5, 0xff, 0xb4, 0x85, 0xf2, 0x21,
    0xe1, 0x64, 0xd8, 0x02, 0x65, 0x2f, 0x35, 0xd9,
    0x4c, 0x1b, 0xda, 0x25, 0x10, 0x5c, 0x98, 0xfa,
    0xc9, 0x5f, 0x7c, 0xf1, 0x5a, 0x1d, 0x4a, 0xac,
    0x83, 0x5d, 0xed, 0xd7, 0x20, 0xe5, 0x39, 0x0d,
    0x8a, 0xbc, 0x96, 0x65, 0x3f, 0x80, 0x97, 0x5f,
    0x16, 0x0c, 0xf3, 0xeb, 0x56, 0x1b, 0x57, 0xf7,
    0x73, 0x46, 0x9a, 0x43, 0xbe, 0x89, 0x09, 0x69,
    0x48, 0x76, 0xe1, 0x4e, 0x23, 0x6c, 0xf2, 0x9f,
    0x15, 0x63, 0x42, 0x1f, 0x00, 0x69, 0x16, 0x22,
    0x9f, 0x4f, 0x79, 0x5a, 0x28, 0x23, 0xae, 0x03,
    0xd4, 0x38, 0xfd, 0xe4, 0x9d, 0x89, 0x83, 0x15,
    0x69, 0x6c, 0x01, 0x02, 0x81, 0x81, 0x00, 0xc3,
    0x8d, 0xfa, 0x78, 0xed, 0xb8, 0x99, 0xd3, 0xee,
    0xd0, 0xbd, 0x74, 0xf3, 0x6e, 0xd1, 0xb4, 0x37,
    0xc0, 0x89, 0x6c, 0xf0, 0x69, 0xbc, 0xbe, 0x5c,
    0xd4, 0x6a, 0xa5, 0xba, 0x39, 0x3e, 0x68, 0x87,
    0xeb, 0x35, 0x6d, 0x24, 0x3c, 0x3f, 0x11, 0xcd,
    0x31, 0x60, 0x8b, 0xb6, 0x7f, 0x6c, 0x42, 0xe3,
    0x8d, 0xc3, 0x90, 0x79, 0x9a, 0xba, 0x1c, 0xac,
    0x72, 0x5d, 0x05, 0x8a, 0x50, 0x87, 0x34, 0x67,
    0xba, 0x19, 0x2c, 0xd6, 0x9b, 0x3f, 0xd7, 0x32,
    0x4f, 0x60, 0x9e, 0x19, 0x00, 0x1e, 0x29, 0xfd,
    0x8f, 0xcd, 0xec, 0x75, 0xcd, 0x42, 0xcc, 0x5f,
    0xad, 0x42, 0xa3, 0xf6, 0xc5, 0x5a, 0x14, 0xaa,
    0x9f, 0x75, 0xe6, 0x13, 0x96, 0xdf, 0x73, 0xcd,
    0xd8, 0x8b, 0x02, 0x9c, 0xeb, 0xa5, 0x2f, 0x06,
    0x12, 0xc3, 0x0c, 0xf3, 0xbb, 0x9f, 0x16, 0xdb,
    0xe6, 0xd2, 0x78, 0x58, 0x35, 0xb7, 0x4b
};


const unsigned char ed25519_key_pair_der[48] = {
    0x30, 0x2e, 0x02, 0x01, 0x00, 0x30, 0x05, 0x06,
    0x03, 0x2b, 0x65, 0x70, 0x04, 0x22, 0x04, 0x20,
    0x5f, 0xe3, 0x9b, 0x74, 0x55, 0xa0, 0x73, 0xd1,
    0x38, 0xc2, 0xe7, 0xd4, 0xe5, 0x06, 0x30, 0x52,
    0x9f, 0xce, 0x7d, 0xdc, 0xe8, 0x22, 0x80, 0x2a,
    0x68, 0x5d, 0xa8, 0x99, 0x16, 0x5d, 0x44, 0x58
};


/* Example keys for ML-DSA-44 */

const uint8_t ml_dsa_44_public_key[1312] = {
0xFE, 0x15, 0xBD, 0x80, 0xFF, 0x02, 0x85, 0x9D, 0xC1, 0x4D, 0x73, 0x77, 0x71, 0xE0, 0x7E, 0x06,
0xBA, 0xE0, 0x31, 0x9F, 0x1F, 0xD0, 0x90, 0x28, 0x07, 0xE7, 0x6A, 0x7C, 0x7B, 0xC2, 0x8E, 0x79,
0x81, 0x97, 0x1D, 0x71, 0xB7, 0x20, 0x43, 0x2A, 0x11, 0x1F, 0xCE, 0xC3, 0x6F, 0xA0, 0x02, 0xB9,
0xB0, 0xEA, 0x8E, 0x49, 0x60, 0x0D, 0xC6, 0x55, 0x7B, 0x29, 0x00, 0x4E, 0x66, 0xA2, 0x64, 0xFC,
0x30, 0x30, 0x5B, 0x34, 0x03, 0xAE, 0x3C, 0xF0, 0x28, 0xC0, 0x48, 0x82, 0xF9, 0x3B, 0x74, 0xA3,
0x0C, 0x87, 0xAF, 0x6D, 0x99, 0xCF, 0x73, 0x0E, 0xE9, 0x13, 0x4D, 0xE7, 0x56, 0x9C, 0xFF, 0x29,
0x9F, 0xFA, 0xE2, 0x19, 0x89, 0xF7, 0x26, 0x88, 0xCD, 0xFB, 0xF7, 0x03, 0x95, 0x0E, 0x15, 0x9B,
0xC1, 0xE8, 0x3E, 0xEF, 0x36, 0x9C, 0x31, 0x14, 0xE9, 0x00, 0xA4, 0x7E, 0x46, 0xC3, 0x3C, 0x81,
0x96, 0x17, 0xE9, 0x66, 0x38, 0x85, 0xF8, 0x9D, 0xBE, 0x2E, 0x87, 0x6F, 0x43, 0xF7, 0x9F, 0x5D,
0xDC, 0x18, 0xA7, 0x92, 0x27, 0x78, 0xD3, 0x60, 0xE7, 0x5C, 0xFB, 0xFA, 0xFC, 0xBA, 0xFF, 0xE6,
0x13, 0xD3, 0x5B, 0x01, 0xAF, 0x91, 0xFA, 0x47, 0x66, 0xF9, 0xB7, 0x96, 0xD2, 0xCF, 0x80, 0xD0,
0xD4, 0x17, 0x18, 0xEF, 0x3B, 0xE3, 0x41, 0x76, 0x73, 0xC2, 0x02, 0xCA, 0xB8, 0x87, 0xBB, 0x66,
0x13, 0x72, 0x41, 0x0C, 0xE8, 0xA5, 0xC7, 0xC6, 0xCE, 0xCE, 0x22, 0xF9, 0x20, 0x64, 0x49, 0x66,
0x6B, 0x00, 0xD9, 0xC5, 0xFD, 0x40, 0xBC, 0xAD, 0x76, 0xD0, 0xE8, 0x06, 0x39, 0xDA, 0x5A, 0xA5,
0x7A, 0x81, 0x04, 0x15, 0x36, 0x78, 0x88, 0x1D, 0xB2, 0x27, 0x80, 0xDE, 0x42, 0x79, 0x1A, 0xDF,
0xD5, 0x37, 0xF2, 0xB1, 0x09, 0xE9, 0xBF, 0x60, 0x72, 0xC1, 0x22, 0x79, 0x41, 0xD2, 0x2F, 0xDA,
0x89, 0xE6, 0xEA, 0x9E, 0x52, 0x67, 0x2F, 0x2B, 0xB2, 0x9F, 0x70, 0x08, 0x4B, 0x4B, 0x86, 0xFF,
0x5F, 0x40, 0xD0, 0xCD, 0x63, 0xAD, 0x1F, 0x4C, 0xAC, 0xAE, 0x7E, 0x43, 0x5D, 0xEB, 0x04, 0xD5,
0x93, 0x18, 0x6F, 0xAE, 0xC4, 0x37, 0xC8, 0x47, 0xCA, 0xB0, 0xCB, 0xF6, 0xEE, 0x3A, 0xC1, 0x26,
0x8A, 0x99, 0x41, 0x0A, 0xAB, 0x4C, 0x90, 0x88, 0x52, 0x5D, 0xA0, 0xB9, 0x4F, 0xE7, 0x2B, 0x4E,
0x5E, 0x43, 0x67, 0x2C, 0x2D, 0xCD, 0x67, 0xE0, 0x72, 0x3A, 0x67, 0x31, 0xC0, 0x85, 0x43, 0x5A,
0xBD, 0x39, 0x78, 0xA0, 0xDD, 0xD0, 0x5D, 0x84, 0x48, 0x43, 0x4B, 0x67, 0xEE, 0x3D, 0xF6, 0xB6,
0xEC, 0x3D, 0x83, 0x12, 0xE8, 0x9F, 0x77, 0x4F, 0xFD, 0x20, 0xE7, 0xC5, 0xB3, 0x69, 0x7D, 0x9F,
0x4C, 0xBD, 0xB1, 0x64, 0x9E, 0xE5, 0x09, 0x51, 0x3F, 0x70, 0x89, 0x42, 0xF1, 0xA6, 0x8A, 0x36,
0xDC, 0xA6, 0x1B, 0x67, 0x56, 0xE5, 0x0A, 0x63, 0x48, 0x6E, 0x39, 0xAC, 0xBE, 0xEF, 0x7C, 0x49,
0xB0, 0xE6, 0xFD, 0x8F, 0x52, 0xF1, 0x82, 0x53, 0x02, 0xD2, 0x99, 0x88, 0x48, 0x74, 0x2C, 0xE0,
0x88, 0x57, 0x41, 0xE7, 0xBE, 0x31, 0xB0, 0xEE, 0xDC, 0x19, 0xBC, 0x70, 0xA9, 0xF5, 0x38, 0xF3,
0x31, 0x1A, 0x30, 0x94, 0x2B, 0x4A, 0xAF, 0x96, 0x83, 0x6B, 0x52, 0x98, 0xD7, 0xEC, 0x9E, 0x6A,
0x51, 0xF9, 0x64, 0xF2, 0x7B, 0x68, 0x52, 0xA7, 0x56, 0x51, 0x02, 0x9B, 0x7E, 0x50, 0xEF, 0x53,
0xAD, 0x8D, 0x46, 0x68, 0xEC, 0x68, 0x17, 0xEA, 0x5C, 0xCE, 0x2B, 0x9B, 0xFB, 0xEB, 0x07, 0x09,
0xD5, 0x9B, 0xE4, 0x74, 0xFF, 0xC6, 0xCB, 0x10, 0x30, 0xF5, 0x31, 0x89, 0xE1, 0x99, 0xA6, 0x30,
0x15, 0xA6, 0x76, 0xD9, 0x39, 0xD5, 0xFE, 0xD9, 0x47, 0x1B, 0x8C, 0x92, 0xCE, 0x0E, 0x13, 0xFF,
0x7E, 0x94, 0x3A, 0x89, 0x57, 0x8E, 0x2F, 0xC7, 0xD0, 0x6D, 0x23, 0x46, 0xBA, 0x96, 0xB5, 0xF4,
0x0C, 0xAA, 0xBF, 0xD9, 0x73, 0xDA, 0x7D, 0xA4, 0x77, 0x36, 0x3E, 0x2E, 0x59, 0x03, 0xE6, 0xD1,
0xB4, 0x1B, 0x1C, 0x2F, 0xD5, 0xEB, 0x63, 0xCB, 0x26, 0xBC, 0xC0, 0x41, 0x12, 0xCF, 0x70, 0xC1,
0x4A, 0x42, 0xBB, 0x6D, 0xFF, 0x66, 0x81, 0x60, 0x31, 0x96, 0xC1, 0x7A, 0x2B, 0xC6, 0xCF, 0x98,
0xBE, 0xF5, 0x8F, 0xEB, 0x95, 0x2A, 0x0D, 0x85, 0x79, 0x97, 0x81, 0x67, 0x3A, 0x0A, 0x5E, 0x49,
0x8E, 0xEF, 0xAF, 0x07, 0x24, 0xC9, 0x21, 0x2F, 0xF2, 0x3C, 0xDA, 0x12, 0x6F, 0x8A, 0x9A, 0x82,
0xFD, 0xCC, 0xEF, 0x88, 0x71, 0xCA, 0x61, 0xB7, 0x67, 0xC5, 0xCD, 0xAC, 0x29, 0x1D, 0xF2, 0xC9,
0x01, 0xC5, 0xC7, 0xE2, 0x5A, 0xF3, 0xA5, 0x55, 0x01, 0x0B, 0x34, 0xA1, 0xCF, 0xD7, 0x94, 0x7D,
0x3D, 0x85, 0x39, 0x0C, 0x7E, 0xB7, 0x30, 0xE3, 0xEF, 0x5A, 0x07, 0xEE, 0x25, 0x2A, 0xE9, 0x3A,
0xD1, 0xE3, 0x88, 0x99, 0x65, 0x85, 0xB2, 0x20, 0xF0, 0x05, 0x35, 0xC7, 0x4E, 0x75, 0x2D, 0x4B,
0x8A, 0xF3, 0x4B, 0x87, 0x78, 0x11, 0xBA, 0x87, 0x0B, 0xC2, 0xE0, 0xDF, 0x32, 0x14, 0xBC, 0xF8,
0xBD, 0x87, 0x29, 0x2C, 0x21, 0x93, 0xE3, 0x46, 0x46, 0x0E, 0xC3, 0x82, 0x03, 0x3B, 0x9D, 0xF0,
0x7A, 0xAC, 0xF2, 0x13, 0x07, 0xA9, 0xF4, 0x7C, 0x82, 0x07, 0xAF, 0xC0, 0xDC, 0x3D, 0x99, 0xB4,
0xB1, 0x02, 0x16, 0x9C, 0x47, 0x56, 0xD1, 0xD8, 0x3B, 0x16, 0x06, 0xE4, 0x26, 0xE7, 0x86, 0x0E,
0xE1, 0x65, 0xB8, 0xCE, 0xA2, 0x1E, 0xB0, 0xEC, 0x74, 0x9E, 0x6C, 0x1D, 0xD2, 0xE6, 0x31, 0x0C,
0xBD, 0xCF, 0xEF, 0x2E, 0x2C, 0x56, 0x82, 0x64, 0xB1, 0x4B, 0x7D, 0x34, 0x5F, 0x7C, 0x13, 0xD6,
0xBC, 0x51, 0x07, 0xF7, 0x10, 0x8A, 0x3C, 0x25, 0x12, 0x62, 0x3D, 0xF2, 0x32, 0xE7, 0xF4, 0x85,
0x58, 0xD3, 0x06, 0x61, 0x1F, 0xF9, 0xAC, 0x48, 0x14, 0xF7, 0xC2, 0xD0, 0xFB, 0x17, 0x09, 0x40,
0x58, 0x02, 0x30, 0x6A, 0x3E, 0x8E, 0xE8, 0xF7, 0xCB, 0x8C, 0xFA, 0x9F, 0x5A, 0xC3, 0x86, 0x31,
0xD9, 0x7D, 0x50, 0x83, 0x6F, 0xC9, 0x70, 0x9B, 0x8C, 0x3A, 0xCE, 0x8D, 0xFB, 0x69, 0x4B, 0x47,
0x10, 0xFD, 0xFB, 0xB2, 0x1E, 0xBA, 0x1D, 0x14, 0x61, 0xE1, 0xA7, 0xB1, 0x3D, 0xCB, 0x73, 0x94,
0x09, 0x72, 0x8E, 0xE9, 0xB6, 0x08, 0x42, 0x7F, 0xAA, 0x24, 0x85, 0xC5, 0x11, 0x66, 0x91, 0x8E,
0xF4, 0xCF, 0x35, 0x06, 0xD6, 0xD3, 0x89, 0x15, 0xB3, 0x7A, 0x6B, 0xE4, 0x0C, 0x53, 0xAF, 0x26,
0xC1, 0x66, 0x67, 0x83, 0x44, 0xCE, 0xB3, 0x55, 0xE3, 0xB9, 0x8A, 0xB5, 0xB9, 0x9F, 0xB2, 0x17,
0x6A, 0x2F, 0x81, 0x13, 0xE8, 0xC1, 0x71, 0xC0, 0xDF, 0x07, 0xE4, 0x78, 0xA0, 0xCD, 0x56, 0x5A,
0xEE, 0x51, 0x5C, 0x70, 0xCA, 0xA3, 0x80, 0xDF, 0x9D, 0x23, 0xA1, 0xD0, 0xD0, 0x81, 0xED, 0xC1,
0xBB, 0x9A, 0x6B, 0x36, 0x43, 0x2E, 0x33, 0x03, 0xEC, 0x43, 0x0D, 0x87, 0xF3, 0x1F, 0x8B, 0x17,
0x87, 0x60, 0x8F, 0x83, 0x1F, 0xD4, 0x4A, 0x27, 0x74, 0x32, 0xB2, 0x10, 0x8C, 0xDD, 0xB9, 0x8A,
0xAD, 0x02, 0x51, 0xF3, 0xE8, 0xA4, 0xC4, 0x38, 0xCA, 0x54, 0xB0, 0xD5, 0x26, 0x68, 0xF3, 0xEA,
0x08, 0x76, 0x48, 0xF7, 0x70, 0xCF, 0xB1, 0xC4, 0x57, 0xBC, 0x66, 0x73, 0x9D, 0x01, 0xE5, 0xEA,
0xA7, 0x9F, 0x0B, 0xF3, 0x16, 0xB8, 0x08, 0x82, 0xC0, 0x93, 0xF6, 0x7D, 0xA7, 0x59, 0x1A, 0x3D,
0x66, 0x6A, 0xAD, 0x49, 0x39, 0x09, 0xAC, 0xB4, 0x84, 0x01, 0xD0, 0x74, 0xB1, 0xB0, 0x22, 0x0F,
0x96, 0x53, 0xE0, 0xEB, 0x62, 0x57, 0x86, 0x53, 0x19, 0x05, 0x0E, 0x06, 0xEC, 0xB6, 0x05, 0x75,
0x6F, 0x39, 0xF7, 0x4A, 0x68, 0x53, 0x1F, 0xD4, 0x9D, 0xD9, 0x19, 0xB4, 0x8B, 0x06, 0x86, 0xFF,
0xE2, 0x8F, 0x38, 0x98, 0x28, 0x17, 0xBE, 0x67, 0xF8, 0xE5, 0xAD, 0x69, 0xBC, 0x90, 0x87, 0x84,
0x1A, 0x87, 0x3D, 0x14, 0x98, 0x52, 0xF5, 0x90, 0x89, 0xA3, 0x3A, 0x9A, 0x46, 0x50, 0xA6, 0x97,
0x66, 0x30, 0x35, 0x65, 0x07, 0x7E, 0x0F, 0x14, 0xBB, 0x0F, 0xBC, 0x1A, 0x3E, 0x5B, 0xB0, 0xC2,
0x70, 0x24, 0x7D, 0xCB, 0x8E, 0xDF, 0x78, 0x78, 0xF8, 0xD1, 0x54, 0x5F, 0xA7, 0x97, 0x23, 0x54,
0xA8, 0x5D, 0xFD, 0x9D, 0xE8, 0x39, 0x5B, 0x63, 0xDD, 0xC3, 0xA7, 0x05, 0xEC, 0x5E, 0xE1, 0xB8,
0xEB, 0x1B, 0xBB, 0xBB, 0x96, 0x4E, 0xD0, 0x4F, 0x64, 0xED, 0x63, 0x01, 0x7C, 0x2B, 0x37, 0xFE,
0xE2, 0x08, 0x21, 0x16, 0xBA, 0x3B, 0xB4, 0x10, 0xCA, 0x0F, 0x05, 0xF9, 0x8C, 0xEE, 0x28, 0x7C,
0xFB, 0xF3, 0xAA, 0xDA, 0x6C, 0x21, 0x4C, 0x8D, 0xF0, 0xFF, 0x45, 0x9D, 0x2D, 0xFE, 0x47, 0x83,
0xA5, 0xEA, 0x40, 0xF2, 0xEB, 0xF1, 0x08, 0x73, 0x6A, 0xB9, 0xBF, 0x45, 0x79, 0xB3, 0x8A, 0x08,
0xAE, 0xD3, 0xAA, 0x0E, 0x1D, 0x34, 0x7D, 0xD9, 0x1B, 0x90, 0x4B, 0x58, 0xB3, 0x2C, 0x32, 0x77,
0xF1, 0x1B, 0x6D, 0x85, 0xAF, 0x46, 0x16, 0xE8, 0xE1, 0xCC, 0x4C, 0x98, 0x02, 0x75, 0x8E, 0xD8,
0x09, 0x08, 0x0C, 0x67, 0x7C, 0xB4, 0x82, 0xBD, 0x2F, 0x27, 0xE0, 0x9D, 0xA5, 0xBA, 0x34, 0x72,
0xCD, 0x34, 0x79, 0x41, 0x5D, 0x3C, 0xE7, 0x3E, 0xB2, 0xEF, 0x1C, 0x02, 0xC8, 0xB7, 0x4E, 0x9A,
0x1C, 0xDE, 0x57, 0xA9, 0x7D, 0x01, 0xF9, 0x51, 0x0B, 0x13, 0x97, 0x98, 0xDA, 0x47, 0x77, 0xF1,
0x7F, 0xC2, 0x86, 0x4D, 0x91, 0x50, 0x7D, 0x1B, 0x93, 0x2B, 0x1B, 0x6B, 0xEC, 0xA9, 0x7E, 0x29,
0x63, 0x3F, 0xF4, 0xAB, 0x03, 0xF2, 0x81, 0x39, 0xD6, 0xE2, 0x44, 0x81, 0x43, 0x02, 0x77, 0x7E
};

const uint8_t ml_dsa_44_private_key[2560] = {
0xFE, 0x15, 0xBD, 0x80, 0xFF, 0x02, 0x85, 0x9D, 0xC1, 0x4D, 0x73, 0x77, 0x71, 0xE0, 0x7E, 0x06,
0xBA, 0xE0, 0x31, 0x9F, 0x1F, 0xD0, 0x90, 0x28, 0x07, 0xE7, 0x6A, 0x7C, 0x7B, 0xC2, 0x8E, 0x79,
0x2C, 0x57, 0xD8, 0xF7, 0x2F, 0xBC, 0x19, 0x00, 0x03, 0x1D, 0x07, 0xC0, 0x27, 0x23, 0xF1, 0xE8,
0xFD, 0xDD, 0x5F, 0xC4, 0xDC, 0x4D, 0xC1, 0x08, 0xA6, 0x14, 0x3E, 0x97, 0xC3, 0xA4, 0x6E, 0x5C,
0x5D, 0x16, 0x56, 0x52, 0x21, 0x2B, 0xB2, 0xA3, 0x4C, 0x43, 0x17, 0xE3, 0x52, 0x1E, 0xDD, 0x9A,
0xED, 0xC1, 0x07, 0xAA, 0xB3, 0x50, 0xC8, 0x4E, 0x2B, 0xF7, 0x44, 0xF2, 0xD9, 0x2D, 0x8E, 0xF9,
0xD4, 0x18, 0x54, 0x85, 0xA7, 0x99, 0x84, 0x7B, 0x1F, 0xA3, 0xD2, 0xC5, 0x15, 0x30, 0xC8, 0x95,
0x6D, 0xFE, 0x06, 0xAC, 0x51, 0x5E, 0x54, 0x62, 0xE4, 0x6F, 0xDF, 0x03, 0x59, 0xC4, 0x51, 0x4C,
0x62, 0x42, 0x46, 0x9C, 0x38, 0x4D, 0x81, 0xA6, 0x4C, 0x0C, 0x96, 0x2D, 0x10, 0x86, 0x89, 0x08,
0x23, 0x8E, 0xC2, 0x86, 0x8D, 0xA2, 0x92, 0x41, 0x92, 0x42, 0x65, 0x0B, 0x26, 0x24, 0x40, 0x38,
0x6E, 0xA2, 0x14, 0x52, 0x8A, 0x28, 0x66, 0x61, 0x02, 0x85, 0x9B, 0x40, 0x10, 0x12, 0xC4, 0x0C,
0x00, 0x82, 0x10, 0x1A, 0x89, 0x71, 0x9C, 0x38, 0x8C, 0x92, 0x16, 0x60, 0xA1, 0x18, 0x72, 0x0C,
0xA2, 0x64, 0x09, 0x36, 0x20, 0x58, 0xC4, 0x60, 0x04, 0xB0, 0x80, 0x4B, 0xA4, 0x30, 0x04, 0x10,
0x4D, 0xC8, 0xB2, 0x05, 0x14, 0x36, 0x86, 0xC3, 0x90, 0x8D, 0xC4, 0x16, 0x22, 0x92, 0x24, 0x2D,
0x59, 0x88, 0x45, 0x02, 0x17, 0x06, 0x00, 0xC2, 0x4C, 0x44, 0x00, 0x69, 0x12, 0x08, 0x61, 0x01,
0x36, 0x44, 0x9A, 0x12, 0x0C, 0x14, 0x84, 0x29, 0x24, 0xB3, 0x31, 0x5B, 0x82, 0x10, 0x21, 0x23,
0x29, 0x10, 0xB6, 0x90, 0xCA, 0xB8, 0x30, 0x20, 0x12, 0x09, 0x00, 0x39, 0x6C, 0x1B, 0x43, 0x30,
0x93, 0x26, 0x69, 0x01, 0x93, 0x80, 0x60, 0x82, 0x4D, 0x03, 0x41, 0x11, 0x13, 0xB4, 0x88, 0x90,
0xB0, 0x89, 0x51, 0x02, 0x80, 0xDB, 0xB2, 0x81, 0x04, 0x16, 0x89, 0x23, 0x39, 0x28, 0x54, 0x90,
0x84, 0x9A, 0x10, 0x2E, 0x9B, 0x90, 0x10, 0xA1, 0x10, 0x12, 0x11, 0x24, 0x24, 0x41, 0x40, 0x22,
0xD9, 0x18, 0x8E, 0x42, 0x30, 0x2E, 0x52, 0x92, 0x20, 0xE4, 0xC4, 0x71, 0x00, 0x25, 0x89, 0x00,
0x41, 0x62, 0xD9, 0x92, 0x71, 0x48, 0x12, 0x82, 0xD1, 0x04, 0x12, 0x8C, 0x94, 0x45, 0x91, 0x04,
0x08, 0x93, 0xA8, 0x89, 0xD0, 0x80, 0x2C, 0x11, 0x11, 0x01, 0x02, 0xC2, 0x85, 0x5B, 0x20, 0x02,
0x24, 0x26, 0x6D, 0x8A, 0x16, 0x2A, 0x21, 0xC4, 0x85, 0x22, 0x85, 0x0C, 0x91, 0x28, 0x10, 0x02,
0xA7, 0x81, 0x0C, 0x40, 0x72, 0x9C, 0x86, 0x64, 0x81, 0x30, 0x60, 0x0A, 0x26, 0x70, 0xE1, 0x94,
0x6C, 0x22, 0x86, 0x6C, 0x1C, 0x14, 0x84, 0x03, 0x98, 0x29, 0xC9, 0x96, 0x81, 0x10, 0xC9, 0x20,
0x09, 0x98, 0x80, 0xCC, 0x12, 0x2A, 0x00, 0x20, 0x6C, 0x42, 0x32, 0x52, 0x02, 0x82, 0x88, 0x98,
0xB2, 0x65, 0x13, 0x20, 0x2C, 0xC0, 0x82, 0x2D, 0x11, 0x96, 0x29, 0x20, 0x18, 0x01, 0x12, 0x11,
0x89, 0x41, 0x44, 0x31, 0x91, 0x02, 0x84, 0xE1, 0x94, 0x01, 0x1C, 0x32, 0x70, 0x42, 0x30, 0x10,
0x19, 0x46, 0x52, 0xC2, 0x82, 0x60, 0xA3, 0x14, 0x29, 0xA1, 0xB4, 0x65, 0x01, 0x01, 0x2D, 0xD2,
0x30, 0x09, 0x1B, 0xC7, 0x6D, 0x21, 0x24, 0x2A, 0xE0, 0x10, 0x4C, 0x24, 0x24, 0x85, 0x10, 0x08,
0x2C, 0x62, 0x04, 0x86, 0x01, 0x03, 0x29, 0x1B, 0xC1, 0x08, 0x83, 0x34, 0x44, 0x03, 0x09, 0x8A,
0x51, 0x88, 0x10, 0x0C, 0x07, 0x46, 0x1C, 0x15, 0x6E, 0xD9, 0xB2, 0x69, 0xA0, 0x30, 0x6D, 0x1C,
0xA0, 0x24, 0x88, 0x32, 0x42, 0xCA, 0xA2, 0x28, 0xD3, 0x44, 0x68, 0x58, 0x34, 0x8E, 0xC9, 0x94,
0x64, 0x12, 0x87, 0x40, 0xA4, 0x34, 0x89, 0x62, 0x90, 0x45, 0xD3, 0x16, 0x92, 0x81, 0x46, 0x6D,
0xCB, 0x82, 0x30, 0xC0, 0x02, 0x10, 0x12, 0x13, 0x8E, 0x10, 0x91, 0x05, 0x91, 0x44, 0x0A, 0xD9,
0xB6, 0x69, 0x52, 0x16, 0x84, 0x5A, 0x40, 0x40, 0xDA, 0x80, 0x40, 0xC9, 0x84, 0x49, 0xC1, 0x26,
0x08, 0x12, 0x43, 0x2A, 0x23, 0x37, 0x04, 0x42, 0xC2, 0x6D, 0x61, 0x28, 0x2D, 0x8B, 0x40, 0x0A,
0x14, 0x05, 0x61, 0x04, 0x83, 0x44, 0x22, 0x27, 0x71, 0x18, 0x48, 0x80, 0x11, 0x35, 0x68, 0x81,
0xA8, 0x10, 0x09, 0x31, 0x4D, 0x44, 0x02, 0x0A, 0x89, 0x22, 0x20, 0xC3, 0x40, 0x85, 0x0C, 0xA3,
0x61, 0x84, 0x38, 0x81, 0x50, 0x04, 0x69, 0x4A, 0xB6, 0x4C, 0xE2, 0xC0, 0x28, 0x8C, 0xB0, 0x60,
0x44, 0x24, 0x64, 0x10, 0x42, 0x28, 0x42, 0x22, 0x04, 0x14, 0xB1, 0x80, 0x00, 0xB3, 0x60, 0x13,
0x93, 0x05, 0x23, 0xC6, 0x01, 0xC2, 0xC6, 0x6D, 0x49, 0x88, 0x71, 0xE4, 0xA0, 0x31, 0xE1, 0x40,
0x85, 0x11, 0x08, 0x92, 0x54, 0x36, 0x80, 0xD0, 0x84, 0x41, 0x5C, 0x16, 0x81, 0x0A, 0x07, 0x01,
0x04, 0xB3, 0x69, 0x91, 0x80, 0x20, 0xD0, 0x30, 0x20, 0x98, 0x42, 0x48, 0xE4, 0x04, 0x41, 0x1B,
0xB8, 0x8C, 0x5B, 0xC0, 0x11, 0x89, 0x00, 0x01, 0xC0, 0x42, 0x8A, 0xC1, 0x26, 0x82, 0x10, 0x08,
0x66, 0x53, 0x06, 0x8C, 0x0A, 0x41, 0x49, 0x24, 0x03, 0x2A, 0x0C, 0x34, 0x06, 0x19, 0x86, 0x01,
0xA3, 0x28, 0x06, 0x04, 0x34, 0x62, 0x0C, 0x32, 0x30, 0x04, 0x29, 0x92, 0x54, 0x10, 0x01, 0x0B,
0x87, 0x20, 0xCC, 0x22, 0x90, 0xD4, 0x32, 0x82, 0x5A, 0x80, 0x6D, 0x00, 0x09, 0x6A, 0x48, 0xA8,
0x61, 0x0A, 0xA6, 0x44, 0x8B, 0x32, 0x2E, 0x4B, 0xA4, 0x2D, 0x08, 0x24, 0x8A, 0xA3, 0x26, 0x6E,
0x0B, 0x10, 0x25, 0xCC, 0x08, 0x4E, 0xD1, 0x92, 0x09, 0xC8, 0x44, 0x6C, 0x11, 0xB8, 0x04, 0x19,
0x41, 0x62, 0xC0, 0x38, 0x20, 0xC3, 0x84, 0x88, 0x43, 0x00, 0x0E, 0x10, 0xA5, 0x08, 0x18, 0x06,
0x6D, 0x98, 0x08, 0x28, 0x11, 0x90, 0x49, 0x5C, 0x30, 0x44, 0x18, 0x20, 0x50, 0x5B, 0x80, 0x49,
0x8C, 0x86, 0x31, 0x50, 0x94, 0x60, 0x81, 0x46, 0x44, 0x41, 0x84, 0x04, 0xCC, 0x18, 0x04, 0x51,
0x20, 0x8A, 0x50, 0xB4, 0x09, 0xE0, 0x08, 0x0A, 0xD1, 0xA0, 0x91, 0x04, 0x37, 0x80, 0xE4, 0x08,
0x44, 0x13, 0x34, 0x60, 0x08, 0x11, 0x62, 0x53, 0x22, 0x21, 0x82, 0x42, 0x50, 0x02, 0x49, 0x32,
0xD4, 0xF6, 0x75, 0x1D, 0x52, 0xDA, 0x82, 0xD6, 0xAA, 0x85, 0x68, 0xEC, 0x80, 0x53, 0xC2, 0xA4,
0xA0, 0x99, 0x8A, 0x2E, 0x74, 0xD7, 0x71, 0x38, 0xAE, 0xDF, 0x94, 0x05, 0x1E, 0xD7, 0x8D, 0x90,
0xB5, 0x10, 0xC4, 0x3D, 0xC5, 0x77, 0x4A, 0x0E, 0xC3, 0xFF, 0x80, 0xCB, 0x47, 0x54, 0x24, 0xC4,
0xFB, 0xD8, 0x2F, 0x75, 0xF4, 0x70, 0x92, 0xFF, 0xBA, 0xDD, 0xF5, 0x51, 0x3C, 0x12, 0x33, 0x98,
0x25, 0xF1, 0x5A, 0xF2, 0xB1, 0x7D, 0x9C, 0x56, 0xBE, 0xB4, 0x3E, 0x40, 0x18, 0xF6, 0xA2, 0x6D,
0x2E, 0xCC, 0x00, 0x45, 0x2E, 0x54, 0xE7, 0x65, 0x2B, 0xD0, 0x8E, 0xAC, 0x42, 0x2D, 0xE7, 0x44,
0x52, 0x52, 0xCB, 0xE4, 0x61, 0x9A, 0xB4, 0xB8, 0xED, 0x15, 0x76, 0x3B, 0xB9, 0x56, 0xDF, 0xF7,
0x65, 0x8D, 0xEE, 0x01, 0x9A, 0x0C, 0xF6, 0xEC, 0x4D, 0x4D, 0x9B, 0xCC, 0xDF, 0xD8, 0x89, 0x5D,
0x13, 0xD8, 0x32, 0xBE, 0x12, 0x18, 0xAF, 0x3D, 0x6D, 0x6F, 0x26, 0x30, 0x70, 0xDE, 0x5A, 0xF7,
0x23, 0xA9, 0x6B, 0xC6, 0x7D, 0x24, 0xE3, 0xDC, 0x26, 0x94, 0x5F, 0x08, 0xD8, 0xA5, 0x1B, 0xB7,
0x10, 0x47, 0x31, 0xCC, 0x98, 0xF0, 0x22, 0x87, 0xAF, 0xE7, 0x14, 0xD0, 0xFF, 0x37, 0x04, 0x22,
0x4F, 0x23, 0x52, 0x2E, 0x6B, 0x29, 0xD7, 0x8A, 0xD6, 0x39, 0xD2, 0x29, 0x83, 0x6A, 0x70, 0x48,
0xB1, 0x7E, 0x63, 0x06, 0xB9, 0xD6, 0x71, 0x8E, 0xB5, 0x91, 0x4C, 0xE2, 0x07, 0x48, 0xA7, 0x4F,
0x8E, 0xCB, 0x9F, 0xE6, 0xA4, 0xF7, 0xAC, 0xED, 0x74, 0xF8, 0x62, 0x49, 0x45, 0xC6, 0x6F, 0xE4,
0x40, 0x7D, 0x04, 0xBD, 0xC7, 0x0F, 0x09, 0xDA, 0xA2, 0xD0, 0xC5, 0x9B, 0x1B, 0x41, 0x57, 0x28,
0xAE, 0xF4, 0x99, 0x0D, 0xD1, 0xBC, 0x8C, 0xFC, 0xB4, 0x89, 0xD5, 0xE3, 0xC2, 0x5B, 0x8D, 0x61,
0x13, 0xD8, 0xED, 0xA6, 0x44, 0xFC, 0x41, 0xB7, 0x37, 0x88, 0x57, 0x33, 0x8B, 0x91, 0x19, 0xB0,
0x3D, 0x38, 0xC9, 0x86, 0x23, 0x67, 0x69, 0x0F, 0xBA, 0xED, 0x76, 0x18, 0xFA, 0xFD, 0x1C, 0x1A,
0xE6, 0x16, 0x97, 0xA8, 0x82, 0xE5, 0xAE, 0xDE, 0xA4, 0xDA, 0xB8, 0x14, 0x25, 0xF3, 0xFD, 0x26,
0x26, 0x49, 0x6E, 0x8E, 0x4E, 0x36, 0x56, 0xF5, 0x3B, 0x20, 0x10, 0xA3, 0xF3, 0xA6, 0xE1, 0x24,
0x24, 0x4B, 0x55, 0x43, 0x1F, 0xD2, 0xEA, 0x5A, 0x83, 0xFD, 0x35, 0x25, 0x99, 0xA8, 0x9B, 0x60,
0xD2, 0x40, 0x5F, 0x56, 0x9F, 0xC9, 0x99, 0x1E, 0x58, 0x1A, 0xA5, 0x3D, 0x42, 0x20, 0xCB, 0x15,
0x4F, 0x5E, 0x3B, 0xDA, 0x22, 0xD2, 0xFB, 0x02, 0x59, 0x66, 0x42, 0xB8, 0x67, 0x7A, 0x4F, 0x35,
0x78, 0x06, 0x3F, 0x17, 0xE1, 0x44, 0xFB, 0x87, 0x9F, 0xA4, 0x24, 0xA2, 0xE7, 0x42, 0x46, 0xBA,
0x9C, 0x40, 0xD5, 0xF7, 0xD5, 0x87, 0xD8, 0x26, 0xF3, 0xD0, 0xBC, 0xC5, 0x6A, 0xB3, 0x9A, 0x0B,
0x21, 0x71, 0x59, 0x71, 0x5F, 0x48, 0xC7, 0x5A, 0x25, 0x95, 0x2D, 0x86, 0xFD, 0x24, 0x71, 0x3D,
0x2E, 0x79, 0xFC, 0xF2, 0xE1, 0x5A, 0xAA, 0x16, 0x13, 0x46, 0x29, 0xDD, 0xBE, 0x76, 0xC5, 0x9D,
0x52, 0x14, 0x89, 0x32, 0x63, 0x4D, 0xC1, 0xD5, 0x7E, 0x3F, 0x40, 0xB7, 0xF9, 0x8D, 0x22, 0xD2,
0x4D, 0xC2, 0x1D, 0xE5, 0x64, 0x8A, 0x05, 0x0C, 0xC3, 0xB2, 0xDF, 0x90, 0x04, 0x1A, 0x9B, 0x8A,
0x7B, 0xE3, 0x48, 0xAC, 0x5D, 0x93, 0x8B, 0x65, 0x32, 0xFA, 0x8A, 0xF7, 0x15, 0xC1, 0xAC, 0x9A,
0x40, 0xF2, 0xA6, 0x8E, 0x0C, 0x27, 0x99, 0xE3, 0xDF, 0x6F, 0x35, 0xE7, 0x83, 0x6C, 0x05, 0xFF,
0x64, 0xC0, 0xDB, 0x7F, 0x6E, 0x5B, 0x0E, 0x2F, 0x19, 0x31, 0x49, 0x54, 0xA8, 0x2E, 0x75, 0x5D,
0x0F, 0x7D, 0xC5, 0x1C, 0x62, 0x84, 0x33, 0xBB, 0x1B, 0xD8, 0x8A, 0x86, 0xA6, 0x19, 0xF2, 0xCC,
0xDF, 0x7A, 0xB7, 0x3E, 0x64, 0xBB, 0x24, 0x26, 0xA4, 0x25, 0x75, 0x3D, 0x07, 0xC4, 0xFC, 0x46,
0x98, 0x4E, 0x75, 0xB8, 0x76, 0x0F, 0x06, 0xA0, 0x03, 0x03, 0x96, 0x96, 0xEF, 0xA3, 0xA3, 0xD2,
0xBA, 0x97, 0x16, 0xDA, 0xBB, 0x87, 0x7C, 0xC0, 0xA0, 0x23, 0x9D, 0x1D, 0xE0, 0x46, 0xB4, 0x25,
0xB5, 0x60, 0x8E, 0xCA, 0x97, 0x7E, 0xE6, 0x14, 0x54, 0x62, 0xAC, 0x60, 0x4B, 0xF5, 0xA6, 0x8F,
0xF2, 0xE8, 0x0C, 0x16, 0xFE, 0x92, 0xDA, 0x91, 0x01, 0x1D, 0x24, 0xFD, 0x60, 0x46, 0x55, 0xF1,
0xEF, 0x93, 0xDC, 0x64, 0x35, 0x18, 0x16, 0x58, 0x98, 0x89, 0x7B, 0x82, 0x2F, 0x8B, 0x8E, 0x3B,
0x72, 0x5B, 0x38, 0x9A, 0x8C, 0xB0, 0xD5, 0x64, 0x77, 0x8C, 0x2F, 0x50, 0x63, 0x6A, 0x39, 0xA7,
0xE3, 0xE7, 0x58, 0x3C, 0x7F, 0xFE, 0x9D, 0x63, 0xC5, 0xF1, 0x21, 0xE4, 0x05, 0xD7, 0x11, 0xD0,
0x70, 0x2D, 0x9B, 0x5E, 0xB2, 0x6E, 0x4C, 0x14, 0x93, 0x17, 0xAD, 0xC4, 0xE1, 0x78, 0x94, 0x49,
0x01, 0x3F, 0x10, 0x0C, 0x44, 0x70, 0xAA, 0xC1, 0x1C, 0x8B, 0xEF, 0x3C, 0x08, 0x3B, 0x9B, 0xA5,
0xB3, 0xD0, 0xDE, 0x2F, 0xDD, 0x31, 0x43, 0xD3, 0xFD, 0x61, 0x2F, 0xB9, 0x6C, 0x41, 0xC9, 0xD3,
0x34, 0xE6, 0x79, 0x02, 0xA3, 0x31, 0x13, 0x65, 0x09, 0x98, 0x5F, 0xFD, 0x13, 0x10, 0x35, 0xFA,
0xD8, 0xB9, 0x3B, 0x26, 0xD3, 0xB7, 0x6C, 0x13, 0x75, 0xF4, 0xCF, 0x1F, 0xEB, 0xD3, 0xA0, 0x5F,
0xC1, 0x91, 0xA9, 0x0E, 0x44, 0xF5, 0x2B, 0x7A, 0x0E, 0x9D, 0xC4, 0x43, 0x24, 0x6A, 0x71, 0xB7,
0x33, 0x1E, 0x33, 0xB7, 0x7E, 0x10, 0x14, 0xD4, 0x72, 0x5D, 0x7E, 0x7E, 0x75, 0xB9, 0xCE, 0x01,
0xFB, 0xF9, 0x7D, 0x05, 0xD4, 0xAE, 0x7B, 0x16, 0xA3, 0xCC, 0x4E, 0x16, 0x36, 0x35, 0xF8, 0xFF,
0xA6, 0xC7, 0x91, 0x72, 0x55, 0x74, 0x88, 0xB9, 0xA7, 0x84, 0xA4, 0xF7, 0xEB, 0x6F, 0x2C, 0xC4,
0x5C, 0xC9, 0x2F, 0x6F, 0x7D, 0xCE, 0x54, 0x18, 0xA5, 0xEF, 0x10, 0xA2, 0x94, 0x47, 0xE5, 0x9F,
0x82, 0x79, 0xD2, 0x3B, 0xCD, 0x70, 0xE7, 0x6F, 0xF4, 0xB7, 0xEF, 0xB2, 0xCD, 0x89, 0xDB, 0x3E,
0xBA, 0x02, 0xED, 0x48, 0xAF, 0xEF, 0x53, 0x6D, 0x23, 0xA6, 0x85, 0x32, 0x50, 0x42, 0xDA, 0xAE,
0xEB, 0x26, 0x7F, 0x9A, 0x63, 0xC9, 0x93, 0x97, 0x2E, 0xDB, 0x84, 0xE4, 0xDA, 0x94, 0xA5, 0x51,
0x6A, 0xDE, 0xA8, 0x1B, 0x92, 0xE4, 0x32, 0x11, 0x6E, 0xE8, 0x91, 0x77, 0xAA, 0x30, 0xAF, 0x1A,
0x18, 0x9B, 0x4D, 0xF1, 0x4D, 0x59, 0x86, 0x8A, 0x75, 0x82, 0x7F, 0x0C, 0xAD, 0xC9, 0x35, 0xC3,
0xFE, 0x14, 0x06, 0x36, 0xD8, 0x48, 0x0E, 0x54, 0xB4, 0x50, 0x5C, 0x55, 0xA2, 0xA5, 0x33, 0xC5,
0x5F, 0x5F, 0x0A, 0x99, 0xD4, 0x21, 0xD9, 0xFA, 0xFA, 0x22, 0x31, 0x61, 0x72, 0x4A, 0x9A, 0x2B,
0x6D, 0x8B, 0x7A, 0xE6, 0x9A, 0xAB, 0x42, 0x8E, 0x3C, 0xF9, 0x3C, 0x7E, 0x68, 0x79, 0x19, 0xDA,
0x9E, 0x4F, 0x2C, 0x60, 0x2B, 0x4F, 0xBF, 0xA9, 0xDC, 0x78, 0x9C, 0x3F, 0x46, 0x2D, 0xE1, 0x91,
0xBD, 0x91, 0x6D, 0xB8, 0x2A, 0x12, 0x48, 0x2A, 0x1A, 0x7D, 0x64, 0xC9, 0x60, 0x6C, 0x6D, 0xD7,
0x1B, 0xA3, 0xF0, 0xCF, 0x35, 0x5E, 0x7C, 0xF1, 0xE7, 0x81, 0xD5, 0x1E, 0x45, 0x38, 0x73, 0x3A,
0x1B, 0x09, 0x5D, 0xEA, 0x75, 0xC9, 0x4F, 0xC8, 0x42, 0x2D, 0x69, 0x50, 0xBA, 0x64, 0x13, 0x23,
0x90, 0x20, 0xB8, 0xB6, 0xF4, 0x86, 0x6B, 0x2F, 0x78, 0xB6, 0x51, 0xB7, 0x99, 0xE7, 0xE3, 0x0A,
0xA9, 0x77, 0x6D, 0xD4, 0xCC, 0x87, 0x74, 0x3B, 0x90, 0xF9, 0xF1, 0xC0, 0xFF, 0x6F, 0x3B, 0xAB,
0x20, 0x07, 0x9D, 0xC9, 0xA7, 0x88, 0xE5, 0xF6, 0x12, 0x2C, 0xB8, 0xCC, 0x1B, 0xC1, 0x80, 0xBE,
0x39, 0x10, 0x73, 0xE4, 0x7B, 0x2C, 0xD2, 0x47, 0x92, 0xBC, 0x45, 0x46, 0x49, 0xAB, 0x8D, 0xE1,
0x0F, 0x76, 0x34, 0x73, 0xEA, 0x17, 0xBA, 0x31, 0x93, 0xD6, 0xAF, 0x59, 0xB8, 0x91, 0xDC, 0x3E,
0x0A, 0x98, 0x65, 0x05, 0xF6, 0x19, 0x26, 0x30, 0xE1, 0x2E, 0xFA, 0x32, 0x15, 0x0E, 0x2F, 0xA1,
0xEF, 0xBF, 0xA1, 0x2B, 0x70, 0x5D, 0xC1, 0x5C, 0x55, 0x01, 0xD4, 0xAC, 0xC4, 0xF1, 0xF1, 0xA8,
0x52, 0x9E, 0x82, 0x19, 0xA4, 0x07, 0x1A, 0x93, 0x0B, 0xF6, 0x32, 0x1F, 0xA9, 0xB7, 0xC7, 0x58,
0xDC, 0xBD, 0x93, 0x60, 0xCD, 0xBE, 0x0C, 0xCB, 0x79, 0x5B, 0xB4, 0x16, 0x72, 0x8D, 0xDA, 0x3B,
0xAD, 0x2F, 0xF1, 0x9F, 0x8E, 0x35, 0xC0, 0x9E, 0x7F, 0x99, 0xB5, 0x48, 0x04, 0x78, 0x08, 0x3D,
0x62, 0xAB, 0x8F, 0x6E, 0x4B, 0x93, 0xCC, 0x25, 0xF8, 0xA1, 0x95, 0xB3, 0x8C, 0x9C, 0x9A, 0x90,
0x01, 0x13, 0x41, 0xF7, 0x3B, 0x77, 0x69, 0x9D, 0xAF, 0x31, 0xBD, 0x40, 0x2F, 0xC7, 0x7E, 0x54,
0x48, 0x6E, 0xDC, 0x48, 0x15, 0xD5, 0xB0, 0x06, 0x5D, 0x9F, 0xAA, 0x5D, 0x68, 0x09, 0xBC, 0x05,
0x8D, 0xB9, 0x93, 0xD1, 0xCF, 0x69, 0x3B, 0xAB, 0x4A, 0xFB, 0x45, 0xC2, 0xF6, 0x44, 0xDB, 0xD8,
0x6F, 0x04, 0x15, 0xE8, 0x98, 0xC3, 0xED, 0x79, 0xF4, 0x73, 0xAE, 0xFB, 0xA9, 0x72, 0x8E, 0xE7,
0x08, 0x00, 0x76, 0xBB, 0xF8, 0x9D, 0x9A, 0x5E, 0xDA, 0xAB, 0x66, 0x63, 0x77, 0xCE, 0x3E, 0x8B,
0xC6, 0xC9, 0xAB, 0xCD, 0x36, 0x3A, 0x2C, 0x2A, 0x76, 0x02, 0xEF, 0xF3, 0x54, 0x83, 0x7F, 0x8B,
0x1D, 0xB1, 0xF9, 0x3A, 0x0E, 0x0B, 0xCB, 0x32, 0x73, 0x83, 0x73, 0xBC, 0xF2, 0xDB, 0x1D, 0xF0,
0xEA, 0x97, 0x30, 0x4A, 0x0A, 0x84, 0x37, 0xC8, 0x31, 0x05, 0x10, 0xBF, 0xD5, 0xC7, 0xC6, 0x99,
0x1D, 0x3D, 0x9E, 0x45, 0xE8, 0xED, 0x4F, 0xD9, 0x97, 0x3F, 0xB8, 0x28, 0xE8, 0x13, 0x2E, 0xA5,
0x37, 0x32, 0xF0, 0xB9, 0x22, 0x4C, 0xDE, 0xD1, 0x88, 0x62, 0xA3, 0x58, 0x35, 0x26, 0xF6, 0x07,
0x62, 0xCF, 0x69, 0xEF, 0xD1, 0xB9, 0x1C, 0xC8, 0xB1, 0x44, 0x4E, 0x23, 0x3F, 0x57, 0x5A, 0x29,
0xB3, 0xDD, 0x69, 0xD6, 0x3A, 0x45, 0x5F, 0xD2, 0x88, 0x4F, 0xD9, 0xD9, 0x2C, 0x17, 0x34, 0x03,
0x57, 0x7E, 0xF2, 0x41, 0xAF, 0x0D, 0x88, 0x81, 0x4E, 0xFC, 0x6C, 0xDC, 0x1A, 0x5F, 0xE9, 0x53,
0xC0, 0x5E, 0x27, 0x20, 0x5A, 0x0C, 0xA4, 0xD9, 0x7E, 0x30, 0x3A, 0x24, 0xF7, 0x84, 0x63, 0x84,
0x45, 0x57, 0x9E, 0x9F, 0x35, 0x6B, 0x00, 0xE3, 0x1A, 0x65, 0x50, 0xFE, 0x89, 0x59, 0xC3, 0x21,
0x01, 0xE0, 0x85, 0x5E, 0x73, 0x58, 0xC0, 0xC0, 0x14, 0x0A, 0xFB, 0xDD, 0xED, 0x4D, 0x43, 0x8A,
0x69, 0xA0, 0xFD, 0xF5, 0x2C, 0xF6, 0xB7, 0xFC, 0x90, 0x94, 0xD8, 0x2C, 0xF5, 0xCD, 0xAA, 0x78,
0x63, 0x46, 0xAC, 0x96, 0x19, 0x30, 0xCB, 0xFD, 0xB5, 0x1E, 0xBB, 0x75, 0x54, 0x73, 0xE7, 0x91,
0x93, 0xBD, 0xA2, 0x24, 0x27, 0x32, 0x4D, 0x78, 0x7E, 0x80, 0xB9, 0x5D, 0x67, 0xC5, 0xE3, 0xFF,
0x33, 0x27, 0xC6, 0x2D, 0x5F, 0x03, 0xDE, 0x8E, 0x66, 0x42, 0x4C, 0x59, 0xC0, 0x0F, 0x0D, 0xBA,
0x9F, 0x48, 0x17, 0x91, 0x4C, 0xE2, 0x59, 0xA4, 0x33, 0xA7, 0x72, 0xC6, 0x7A, 0x46, 0x14, 0x43,
0xCB, 0x21, 0x42, 0x70, 0xFF, 0xAB, 0x45, 0x74, 0xD6, 0x27, 0xA6, 0x3F, 0xDB, 0x19, 0x67, 0xB2,
0xB9, 0x7C, 0x1F, 0x3B, 0x09, 0xDD, 0xC6, 0xD1, 0xF6, 0x00, 0x43, 0x87, 0xE0, 0xF4, 0x90, 0xCD,
0xBA, 0x05, 0xFD, 0xFF, 0xEE, 0xFD, 0x39, 0x94, 0x30, 0xB4, 0x0F, 0x50, 0xB6, 0x8C, 0x81, 0xE4,
0x4F, 0x48, 0xFB, 0x9C, 0xAD, 0x58, 0xC1, 0x43, 0x66, 0x7E, 0xCA, 0xDC, 0x8B, 0x4E, 0x56, 0xF9,
0x81, 0x4B, 0xE6, 0x71, 0x18, 0xB8, 0x79, 0x3B, 0xC5, 0x77, 0xA8, 0x1E, 0x12, 0xD3, 0x1A, 0x5B,
0x34, 0xFB, 0x6F, 0x98, 0x06, 0xCC, 0x5D, 0x1C, 0x28, 0x68, 0xC6, 0x20, 0x39, 0xA0, 0xC6, 0xF0,
0x65, 0x8B, 0x0B, 0xA5, 0x47, 0x96, 0x9C, 0x4D, 0x75, 0xE5, 0x1E, 0x02, 0x22, 0xED, 0x1B, 0x7E,
0xC1, 0xED, 0xB8, 0xB8, 0x6D, 0x52, 0x0C, 0xF9, 0x99, 0xBA, 0xDF, 0xF1, 0x59, 0x2A, 0x23, 0xE0,
0x51, 0x02, 0x89, 0x89, 0x08, 0x64, 0x14, 0x0E, 0x7E, 0x65, 0x7B, 0x22, 0x28, 0xC1, 0x62, 0xC7
};


/* Example keys for ML-DSA-65 */

const uint8_t ml_dsa_65_public_key[1952] = {
  0xe4, 0x81, 0x51, 0xd6, 0xc7, 0x2a, 0x9a, 0xc5, 0xd3, 0x4d, 0x29, 0x77,
  0x48, 0x24, 0x0e, 0x1f, 0x49, 0x79, 0xd4, 0x53, 0x63, 0x9c, 0x22, 0x0f,
  0x67, 0x4d, 0xd2, 0x5f, 0x1b, 0xd2, 0x4c, 0xfc, 0x08, 0xc2, 0xe3, 0x11,
  0xf2, 0x86, 0xd7, 0x1a, 0x2c, 0x23, 0x7a, 0xa1, 0x1f, 0x77, 0xd2, 0x48,
  0x13, 0x34, 0xf2, 0xaa, 0xa7, 0xc0, 0x1b, 0x8c, 0xbc, 0x18, 0xb0, 0x31,
  0x90, 0xd3, 0x4a, 0x1f, 0xf5, 0xc4, 0x1b, 0xe3, 0x57, 0x76, 0xdb, 0x49,
  0xbe, 0x3d, 0x22, 0xec, 0x45, 0x19, 0xb6, 0x26, 0x90, 0xe3, 0x79, 0x63,
  0x38, 0xfa, 0x77, 0x33, 0xd4, 0x5e, 0x58, 0xff, 0x8f, 0xdb, 0xf4, 0x7f,
  0x8e, 0x38, 0xb1, 0xb1, 0xa2, 0x7b, 0x9c, 0x3e, 0x88, 0xaa, 0xb1, 0x9e,
  0xb1, 0x6a, 0x6d, 0x72, 0x0c, 0xac, 0x35, 0xaa, 0x68, 0x93, 0xa2, 0xaa,
  0xcc, 0xad, 0xeb, 0xa6, 0x0e, 0xe9, 0x50, 0x93, 0xda, 0xc8, 0x2d, 0x43,
  0x41, 0x8b, 0xf1, 0xe2, 0x1e, 0x9f, 0xdc, 0x36, 0x8a, 0x71, 0xda, 0xb8,
  0x11, 0x9d, 0x7c, 0x5c, 0xea, 0xcf, 0xa2, 0x9d, 0x7a, 0x5e, 0x94, 0x7a,
  0x7a, 0x73, 0xb1, 0x1d, 0xcf, 0xbb, 0x57, 0x10, 0xa9, 0x7f, 0xb8, 0x01,
  0xed, 0x7b, 0x00, 0x1b, 0x73, 0x83, 0xe4, 0xa5, 0x7f, 0x65, 0xcc, 0x84,
  0xb1, 0x82, 0xde, 0xbf, 0xe8, 0x45, 0x12, 0xbe, 0xd9, 0x1d, 0xf7, 0x73,
  0x20, 0x11, 0xa5, 0x4a, 0x18, 0x6d, 0x7a, 0x4c, 0x5c, 0x68, 0xe3, 0x97,
  0x96, 0xcc, 0x3c, 0x2b, 0xc3, 0xb9, 0xeb, 0x1b, 0x3d, 0x04, 0x2d, 0x8a,
  0xb2, 0x25, 0x0c, 0x70, 0x54, 0x70, 0x99, 0xb1, 0x08, 0xb7, 0xa7, 0x2d,
  0x5d, 0x01, 0xb4, 0xb1, 0x0f, 0x6d, 0xcc, 0x07, 0xcc, 0xc3, 0x55, 0x65,
  0xec, 0xb6, 0xa9, 0xf1, 0x49, 0xc5, 0xc4, 0xaf, 0x62, 0x1d, 0xde, 0x79,
  0x45, 0x8d, 0x09, 0xd5, 0xbc, 0x11, 0x01, 0x5d, 0xfc, 0xe7, 0x2f, 0xd3,
  0x67, 0x62, 0xb9, 0xd7, 0x1b, 0x7d, 0x2c, 0x5c, 0xc7, 0xc7, 0x11, 0xeb,
  0x6d, 0x86, 0x04, 0x82, 0x69, 0x0e, 0x87, 0x33, 0x40, 0x57, 0x41, 0x63,
  0xd7, 0xf2, 0x76, 0xe0, 0x72, 0x20, 0xef, 0xd7, 0x7a, 0xf7, 0x4b, 0x71,
  0x8b, 0x82, 0xd1, 0x85, 0x78, 0x37, 0x21, 0xdf, 0xce, 0xc9, 0x3f, 0xb1,
  0x7b, 0xec, 0x21, 0x79, 0xb4, 0x3d, 0x61, 0xd1, 0x9c, 0xa1, 0x80, 0xe8,
  0x75, 0xc9, 0x6f, 0xf0, 0xed, 0xdd, 0x11, 0x70, 0x8b, 0x95, 0x87, 0x33,
  0x6d, 0xad, 0xbd, 0xe2, 0x43, 0xe4, 0x29, 0x32, 0xe6, 0x5d, 0xe3, 0x9e,
  0x8c, 0x13, 0xa4, 0x68, 0x48, 0x28, 0x55, 0x8b, 0xc5, 0x5d, 0x61, 0x78,
  0x81, 0xdd, 0x09, 0x31, 0xb2, 0x51, 0x8e, 0xd6, 0xd6, 0x2d, 0xf9, 0xf2,
  0xaf, 0x65, 0x0f, 0x7e, 0x82, 0xb1, 0xf9, 0x82, 0x2d, 0xad, 0xea, 0xd2,
  0x80, 0x16, 0xaa, 0xdf, 0xb3, 0xdb, 0x1a, 0x00, 0xd7, 0xde, 0x43, 0x42,
  0xc2, 0xe9, 0x98, 0xc7, 0x76, 0x7b, 0xea, 0x69, 0x05, 0x27, 0x81, 0xcc,
  0xbd, 0xc3, 0x01, 0x0a, 0xf0, 0x21, 0x98, 0xad, 0x7e, 0x36, 0xdc, 0xe2,
  0x15, 0x4b, 0xd7, 0x27, 0xa7, 0xc9, 0x2a, 0x52, 0xc2, 0x79, 0x13, 0x1d,
  0xce, 0x7f, 0x83, 0xfb, 0x53, 0xe2, 0x19, 0x42, 0x5c, 0x0e, 0x46, 0x96,
  0xa5, 0x5f, 0x0b, 0xc8, 0x46, 0xb0, 0x9f, 0x43, 0x8b, 0x29, 0xb0, 0xb9,
  0xda, 0x99, 0x5f, 0xf4, 0xdb, 0x05, 0x5e, 0xb7, 0x58, 0x30, 0x76, 0x16,
  0xe9, 0xc2, 0x73, 0x50, 0xbc, 0xfc, 0x0b, 0x95, 0xf7, 0xfa, 0x0d, 0x70,
  0x8f, 0xe8, 0xe3, 0xe6, 0x10, 0xab, 0xe4, 0x73, 0x3b, 0xb6, 0x63, 0xb8,
  0x09, 0x37, 0xd2, 0x0d, 0x34, 0xf0, 0x6c, 0xc4, 0xcc, 0x21, 0xa0, 0x6c,
  0x25, 0x98, 0xb6, 0x29, 0xcc, 0xd3, 0x35, 0xb1, 0x0e, 0x50, 0x43, 0x93,
  0xcd, 0x22, 0xec, 0x1d, 0xd7, 0x3c, 0x8b, 0xc9, 0x71, 0x1d, 0x73, 0x05,
  0xac, 0x8b, 0xda, 0x12, 0x59, 0x21, 0x4c, 0xd6, 0x10, 0xc3, 0xec, 0x3c,
  0xf6, 0x74, 0x77, 0x95, 0xb0, 0x01, 0x47, 0x9c, 0xf7, 0xd7, 0xb9, 0x63,
  0xe5, 0x70, 0x33, 0x60, 0xe1, 0xd5, 0x3c, 0x60, 0x43, 0xca, 0xb0, 0xa1,
  0x33, 0x81, 0x0d, 0x1c, 0x69, 0x2e, 0xab, 0x6c, 0x77, 0xe7, 0x12, 0x0a,
  0xe8, 0xfd, 0x23, 0x01, 0x2d, 0xd1, 0x75, 0x05, 0xdd, 0x7a, 0x24, 0xe5,
  0x9e, 0x86, 0xbf, 0x1d, 0x83, 0x19, 0xe8, 0x67, 0x49, 0xec, 0x5e, 0x07,
  0x2b, 0x22, 0xdc, 0xad, 0x46, 0x11, 0x81, 0xa4, 0x1f, 0xea, 0x09, 0x32,
  0x8b, 0xb1, 0x4b, 0x09, 0x4c, 0x77, 0x81, 0xa6, 0x41, 0x86, 0x13, 0xc7,
  0x9d, 0xeb, 0x0e, 0x62, 0xe4, 0xd0, 0x9f, 0x12, 0x3a, 0x83, 0x9c, 0xd7,
  0x68, 0x24, 0x64, 0x98, 0x01, 0x2f, 0x81, 0xc4, 0xac, 0xd7, 0x1a, 0x58,
  0x7a, 0xe6, 0x3b, 0x1b, 0xe1, 0x6b, 0x0e, 0x41, 0x3f, 0x91, 0x33, 0xf1,
  0xc2, 0x26, 0x20, 0x2c, 0xa1, 0x20, 0x69, 0x11, 0x53, 0xde, 0xfe, 0xd4,
  0xb8, 0xf0, 0xcc, 0xf8, 0x9f, 0x8a, 0x0b, 0x60, 0x20, 0x24, 0x15, 0x78,
  0x7f, 0xa6, 0x0d, 0xb1, 0x58, 0x1d, 0xcf, 0xa9, 0x4c, 0x14, 0x67, 0x03,
  0x4e, 0xd8, 0x0f, 0xad, 0x5b, 0x85, 0xcf, 0xe7, 0x95, 0xbb, 0x0b, 0x1c,
  0x53, 0xdb, 0x80, 0x41, 0x2e, 0x11, 0x61, 0x54, 0x18, 0xa5, 0xde, 0xf5,
  0xdb, 0xb3, 0x76, 0x19, 0x00, 0x72, 0x53, 0x47, 0x33, 0x56, 0xc8, 0x04,
  0x2a, 0x97, 0x43, 0xd9, 0xf4, 0x4a, 0xf1, 0x7d, 0x76, 0x3f, 0x67, 0xdb,
  0x85, 0xa0, 0x48, 0x47, 0xe9, 0xd9, 0x2e, 0x12, 0xde, 0xa4, 0xd2, 0x8f,
  0x45, 0xd6, 0xd8, 0x28, 0x45, 0x3e, 0x9e, 0xac, 0x85, 0x6e, 0x88, 0xf6,
  0x69, 0xf2, 0x7e, 0xd9, 0x81, 0x5d, 0x3d, 0xd9, 0x83, 0x52, 0xbe, 0x42,
  0x77, 0xcb, 0xa9, 0x4a, 0xe9, 0x8f, 0x49, 0x16, 0xa6, 0x2e, 0x18, 0x9e,
  0xd3, 0x29, 0xba, 0xa4, 0xa9, 0xe1, 0x3b, 0xa8, 0xd9, 0x02, 0x6e, 0x20,
  0xbd, 0x0e, 0x31, 0xd4, 0x80, 0x29, 0xee, 0x23, 0x7d, 0x98, 0x39, 0xca,
  0x6d, 0x92, 0xac, 0x66, 0x02, 0xa0, 0xaa, 0xb0, 0xf6, 0x76, 0x88, 0x80,
  0x9b, 0x41, 0xa4, 0x0c, 0xec, 0x3f, 0x6f, 0xdb, 0x7e, 0x0b, 0x3d, 0x80,
  0xe4, 0x78, 0x51, 0x1c, 0x67, 0x69, 0xd7, 0xb5, 0x4c, 0x32, 0x95, 0x16,
  0xa6, 0x2d, 0x04, 0x82, 0xdf, 0xc9, 0xf8, 0x7b, 0xad, 0xe7, 0x60, 0x25,
  0x1e, 0xdc, 0x79, 0x5c, 0xf7, 0x53, 0xf1, 0x39, 0xc2, 0x8c, 0x23, 0x7c,
  0xd9, 0x78, 0x13, 0xf4, 0xc3, 0xc0, 0xce, 0x7d, 0xd0, 0xd6, 0x60, 0xd0,
  0xb5, 0x9a, 0x02, 0xc2, 0xa2, 0xbf, 0x93, 0xfd, 0xa7, 0x9c, 0x60, 0x0a,
  0xce, 0xf2, 0x34, 0xf6, 0x8d, 0x0f, 0x76, 0xc2, 0xe5, 0xbe, 0xb9, 0x3b,
  0x19, 0x85, 0x9f, 0x94, 0x40, 0xef, 0xeb, 0x82, 0xe2, 0xcc, 0xb1, 0x45,
  0x6e, 0xb3, 0x20, 0x45, 0x9b, 0xe2, 0x90, 0x99, 0x97, 0x38, 0x8c, 0x1d,
  0x72, 0x6e, 0x72, 0x72, 0x5b, 0x99, 0xb9, 0x95, 0x91, 0x8b, 0x79, 0x54,
  0xba, 0x3b, 0x8e, 0x7a, 0x0e, 0xe2, 0xca, 0x6a, 0x32, 0xa4, 0xb8, 0x25,
  0x26, 0xb9, 0xc3, 0x39, 0x78, 0x0b, 0x23, 0xd7, 0x68, 0x20, 0x5e, 0x4a,
  0x78, 0x48, 0x47, 0x1c, 0x6d, 0x6c, 0xd2, 0x9f, 0xab, 0x5e, 0x02, 0xc6,
  0x56, 0x47, 0x1f, 0xe2, 0xe2, 0xe2, 0x62, 0xec, 0x8f, 0x7f, 0x13, 0x19,
  0x1f, 0x63, 0xcc, 0x36, 0x81, 0x7c, 0xb6, 0x2b, 0x56, 0xf8, 0x76, 0xb6,
  0xe6, 0x32, 0xaf, 0xbf, 0x72, 0x83, 0x4b, 0x07, 0x88, 0x9d, 0xf7, 0xb3,
  0xde, 0xcb, 0xce, 0x99, 0x84, 0x38, 0x0a, 0x17, 0x3b, 0x77, 0xbc, 0x61,
  0xd4, 0x5d, 0xf8, 0xd8, 0xf3, 0x2f, 0x7f, 0x8c, 0x02, 0x34, 0xc0, 0x9e,
  0x06, 0xef, 0x21, 0xe4, 0x2d, 0x8e, 0x27, 0xc7, 0x4e, 0xb1, 0x92, 0xf3,
  0x9c, 0x96, 0x77, 0x8c, 0x36, 0x3d, 0xe9, 0xb6, 0x5c, 0xa7, 0xd8, 0xeb,
  0x3e, 0x84, 0x40, 0xd0, 0x51, 0xcf, 0xd6, 0x5b, 0x81, 0xc7, 0x40, 0xa4,
  0xbf, 0x1e, 0x37, 0x45, 0x49, 0xa4, 0xc6, 0xfa, 0x2c, 0xde, 0xc9, 0x53,
  0x78, 0xa8, 0x90, 0xd2, 0xac, 0x66, 0x57, 0x27, 0x2f, 0x3c, 0xe3, 0x2a,
  0x33, 0x28, 0xfd, 0x9e, 0xd9, 0x40, 0x29, 0xf1, 0x92, 0x62, 0x51, 0x79,
  0x10, 0x55, 0x1b, 0x1a, 0x3b, 0xb4, 0x40, 0xc2, 0xeb, 0x08, 0xf3, 0x04,
  0x2d, 0xdd, 0x03, 0x64, 0x15, 0xff, 0xc8, 0xa6, 0x8e, 0x73, 0xc2, 0x3b,
  0x63, 0xf7, 0xa2, 0x80, 0x99, 0xc4, 0xf1, 0x42, 0x9e, 0x15, 0x3e, 0xfa,
  0xaa, 0x58, 0xcf, 0x38, 0x9e, 0x5a, 0xfa, 0xa0, 0x80, 0x1c, 0x8a, 0x13,
  0x16, 0x6d, 0xfd, 0xbb, 0x02, 0x12, 0x74, 0xc6, 0x9a, 0x59, 0x14, 0x88,
  0x64, 0xae, 0xae, 0x7d, 0xf3, 0x35, 0xe4, 0x98, 0xcd, 0xf5, 0x6c, 0xbc,
  0x78, 0x09, 0x72, 0x31, 0xbb, 0x99, 0x02, 0xf3, 0xfd, 0xe8, 0x54, 0xb2,
  0xd3, 0x01, 0x71, 0x05, 0x27, 0x46, 0x1e, 0x65, 0x82, 0x10, 0xc5, 0x2f,
  0xd4, 0x98, 0x9a, 0x95, 0xf0, 0xd9, 0xe8, 0xde, 0x4f, 0x82, 0x5c, 0x09,
  0x34, 0x8b, 0xbf, 0x23, 0x8b, 0x51, 0x2c, 0x8f, 0x45, 0x62, 0xf3, 0xe1,
  0xd9, 0x53, 0xfa, 0xbb, 0x30, 0xf6, 0x17, 0x79, 0xfa, 0x79, 0xa2, 0x0b,
  0x52, 0x63, 0x60, 0xa6, 0x8f, 0x78, 0x65, 0x56, 0x03, 0x73, 0x14, 0x5e,
  0x74, 0xa4, 0x5c, 0xbc, 0x4d, 0x16, 0x7e, 0x9b, 0x27, 0x70, 0xcd, 0x3f,
  0x0b, 0x9e, 0x1f, 0x66, 0xdc, 0x70, 0xdc, 0x88, 0xb5, 0xe7, 0x8d, 0x8b,
  0x01, 0x3e, 0xab, 0x5c, 0x97, 0x70, 0x48, 0xb3, 0xd5, 0xb9, 0x7a, 0x83,
  0x27, 0x25, 0x5c, 0x8c, 0xfd, 0x6f, 0xd2, 0xd6, 0x75, 0x18, 0x0e, 0xc0,
  0x59, 0xc7, 0x51, 0x72, 0xd6, 0x5d, 0xa6, 0x05, 0x27, 0xe3, 0xf1, 0x0e,
  0x99, 0x21, 0xa6, 0x96, 0x66, 0x0f, 0x84, 0x2a, 0x49, 0x9e, 0xbd, 0x91,
  0x31, 0x7b, 0x36, 0x4c, 0xe4, 0xb1, 0x92, 0x88, 0x3c, 0x8d, 0xfb, 0xaa,
  0xb3, 0x11, 0x8b, 0xba, 0x55, 0x86, 0x6f, 0x30, 0x6d, 0x55, 0xbd, 0x6b,
  0xc1, 0x43, 0x6d, 0x27, 0x97, 0x00, 0x4e, 0x64, 0x49, 0x02, 0xb2, 0x47,
  0x74, 0x67, 0xff, 0x52, 0x5a, 0x77, 0x9c, 0x0c, 0x51, 0x06, 0xc1, 0xba,
  0x4d, 0xf7, 0xe2, 0x17, 0x2b, 0xc3, 0x30, 0xaf, 0xd1, 0x73, 0xe4, 0xb1,
  0x02, 0xbc, 0x59, 0xd0, 0xd4, 0x10, 0x1f, 0x45, 0xe2, 0x96, 0xd6, 0xe0,
  0x7c, 0x01, 0x73, 0xe1, 0xdc, 0x94, 0x7c, 0x15, 0x83, 0xd3, 0xdf, 0x38,
  0x37, 0x18, 0x73, 0x1d, 0x8a, 0xf4, 0x2d, 0x23, 0x00, 0x50, 0x27, 0x75,
  0xcd, 0xbe, 0x2f, 0x88, 0x63, 0xd5, 0x6a, 0xd0, 0x26, 0x86, 0xcb, 0xab,
  0x8c, 0x78, 0x0c, 0x74, 0xa7, 0x0d, 0x75, 0x50, 0xcc, 0x80, 0x10, 0x9d,
  0xf8, 0x02, 0xef, 0xeb, 0x78, 0xc8, 0x81, 0x3a, 0x65, 0xf8, 0x15, 0x3e,
  0xff, 0x58, 0x76, 0xbc, 0x02, 0x02, 0xc8, 0xa3, 0x2d, 0xf9, 0x8e, 0x1c,
  0xaa, 0x24, 0xc2, 0x9c, 0x82, 0xc9, 0xee, 0x46, 0xcd, 0x24, 0xa2, 0xdc,
  0x87, 0x64, 0x78, 0xaa, 0xd4, 0xd1, 0x78, 0x23, 0xae, 0xf6, 0x04, 0x71,
  0x7b, 0xe1, 0xf2, 0x4b, 0x70, 0x49, 0x99, 0x85, 0x7f, 0x7a, 0x3e, 0xfa,
  0x3c, 0x24, 0x9d, 0x32, 0x23, 0xfc, 0x93, 0x12, 0xc8, 0xc9, 0xe7, 0x8c,
  0x9c, 0xed, 0xec, 0xf6, 0x88, 0xef, 0xfa, 0x31, 0x04, 0x83, 0x5a, 0x42,
  0x5a, 0x57, 0x90, 0xbd, 0xb0, 0xaa, 0x18, 0xb4, 0x47, 0x2b, 0xd0, 0x4f,
  0xf3, 0x83, 0x7a, 0xd9, 0xbc, 0xbe, 0xd4, 0xba, 0xbd, 0x25, 0x4f, 0xad,
  0x7d, 0xbd, 0x9f, 0xbe, 0x5c, 0xea, 0xa4, 0x3b, 0x42, 0xb2, 0x4b, 0x71,
  0x3f, 0xf2, 0xf6, 0xc2, 0xae, 0x8a, 0x5a, 0x37, 0x10, 0x9e, 0x3e, 0x34,
  0x33, 0xe0, 0x71, 0xbc, 0xa3, 0x17, 0x4d, 0x26, 0xa4, 0x4e, 0x54, 0xf6,
  0x56, 0xe0, 0x56, 0x6c, 0xac, 0xc6, 0x11, 0xe0, 0x9a, 0xe7, 0xe1, 0xa1,
  0xca, 0x20, 0xba, 0xf1, 0xec, 0xc6, 0xba, 0x80, 0x07, 0x1b, 0xd8, 0xfa,
  0xaa, 0x00, 0xde, 0xcc, 0x6b, 0x59, 0xfd, 0x4e, 0x62, 0x2f, 0xff, 0x86,
  0xec, 0x33, 0x3c, 0xe6, 0x6e, 0xa9, 0x09, 0x1d, 0x9d, 0x5a, 0xa3, 0x29,
  0xd5, 0x97, 0xc1, 0xbd, 0x21, 0x85, 0x8b, 0xee, 0xb4, 0xc0, 0x1d, 0x8d,
  0x68, 0xb9, 0x50, 0xe8, 0x8a, 0x4d, 0x94, 0x4d, 0xdc, 0xe9, 0x3d, 0xcc,
  0x4a, 0xa2, 0xdc, 0x52, 0xd0, 0x3a, 0x12, 0x86, 0xb9, 0x3d, 0x8e, 0xa5,
  0x22, 0xb2, 0xe4, 0x76, 0x0e, 0x89, 0x3c, 0xab, 0xce, 0xa2, 0xc3, 0x44,
  0x20, 0xa6, 0x72, 0x81, 0xf4, 0x84, 0xc9, 0x05, 0x96, 0xb2, 0x41, 0xc3,
  0xc0, 0x4f, 0xb5, 0xfd, 0xd3, 0x30, 0xdd, 0xcf, 0x19, 0x0a, 0x20, 0x60,
  0x9c, 0xf4, 0x7a, 0x88, 0x77, 0x75, 0xe1, 0xdd, 0xeb, 0x0a, 0xff, 0x4b,
  0x51, 0x2c, 0x47, 0xc3, 0x71, 0x15, 0xbd, 0x9e, 0x20, 0x7e, 0xfe, 0xbc,
  0xf0, 0xf8, 0xb9, 0x3d, 0x72, 0xa0, 0x9b, 0x37, 0xb9, 0x2b, 0x24, 0x66,
  0x6e, 0x8f, 0x10, 0x88, 0x61, 0xb4, 0xa5, 0xeb, 0x51, 0x16, 0x3e, 0x0b,
  0x42, 0xfc, 0x7b, 0xbb, 0x0f, 0xd1, 0x4e, 0xe9, 0x63, 0x30, 0xd1, 0x5f,
  0x50, 0x0b, 0x23, 0x06, 0x2a, 0xac, 0x46, 0xb6, 0x0a, 0x9d, 0x43, 0xe1,
  0x93, 0x9f, 0x7d, 0x3d, 0x08, 0xbd, 0x71, 0x48, 0xd7, 0x8b, 0x5b, 0xb5,
  0x75, 0x43, 0x3c, 0x44, 0x7e, 0x76, 0x41, 0x39, 0x08, 0xd4, 0x1c, 0xb5,
  0x21, 0xef, 0x86, 0x6c, 0xc4, 0x33, 0x29, 0xc3, 0x2f, 0xe0, 0x16, 0xfa,
  0x14, 0xfa, 0xf0, 0xb6, 0x6c, 0x9c, 0xc6, 0xd1, 0x4c, 0xd4, 0x53, 0xb3,
  0xf7, 0x14, 0x90, 0x09, 0x3e, 0x6d, 0x1c, 0x01, 0xb6, 0x5c, 0x5b, 0x02,
  0x9b, 0x33, 0x7b, 0x0f, 0xa0, 0x4e, 0x4d, 0x2c, 0x98, 0x30, 0x77, 0x1e,
  0x48, 0x97, 0x17, 0x12, 0x57, 0x36, 0xcd, 0xe4, 0x4f, 0x19, 0x48, 0xf4,
  0xcc, 0x9c, 0x33, 0x64, 0xf1, 0x1c, 0xcf, 0x84, 0x4d, 0x41, 0x31, 0x3d,
  0xf3, 0xbd, 0x68, 0x6d, 0x9f, 0x03, 0xa1, 0x52, 0x96, 0xe7, 0xcd, 0xe7,
  0x97, 0xca, 0x19, 0x84, 0x5c, 0x13, 0x96, 0xe0, 0x7e, 0x9a, 0xae, 0x51,
  0xfb, 0x6b, 0xcb, 0xe2, 0x4d, 0x35, 0x47, 0xe1, 0x37, 0x3c, 0x47, 0x8f,
  0x78, 0x3c, 0x08, 0x62, 0x8b, 0x74, 0xd2, 0x7f, 0xd5, 0x9e, 0x3b, 0x92,
  0x3c, 0xe2, 0xa4, 0xcf, 0xfe, 0x99, 0xf4, 0x41, 0x5e, 0xaf, 0x6c, 0x8f,
  0x7b, 0xc5, 0xa0, 0xbd, 0x0e, 0xd8, 0xae, 0x5c
};

const uint8_t ml_dsa_65_private_key[4032] = {
  0xe4, 0x81, 0x51, 0xd6, 0xc7, 0x2a, 0x9a, 0xc5, 0xd3, 0x4d, 0x29, 0x77,
  0x48, 0x24, 0x0e, 0x1f, 0x49, 0x79, 0xd4, 0x53, 0x63, 0x9c, 0x22, 0x0f,
  0x67, 0x4d, 0xd2, 0x5f, 0x1b, 0xd2, 0x4c, 0xfc, 0x83, 0x8c, 0x1d, 0xc7,
  0x86, 0x18, 0x68, 0x20, 0xdb, 0xe9, 0x62, 0x5d, 0x38, 0x36, 0x6c, 0x06,
  0x8d, 0x92, 0x58, 0x0d, 0xe1, 0x99, 0x1f, 0x93, 0x4b, 0xd2, 0x6d, 0x21,
  0x0e, 0x1c, 0x26, 0xfe, 0xc5, 0xd6, 0x44, 0x13, 0x49, 0x75, 0x56, 0x1a,
  0x26, 0x6d, 0xc4, 0x39, 0x29, 0xa6, 0x93, 0x86, 0x3d, 0x8d, 0x67, 0x02,
  0x8f, 0x05, 0xa9, 0x1c, 0x03, 0xe6, 0xde, 0xbe, 0x5a, 0xbb, 0x1f, 0xee,
  0x6d, 0x02, 0x6c, 0xa4, 0xf9, 0x6a, 0xc2, 0xc3, 0xb8, 0x3c, 0xcf, 0xf9,
  0x1b, 0x04, 0xc7, 0x79, 0xcc, 0x36, 0x8c, 0x40, 0xcd, 0xb9, 0xe4, 0x1b,
  0x92, 0xad, 0x90, 0xa7, 0xfb, 0x17, 0xfc, 0x1a, 0x28, 0x01, 0x16, 0x34,
  0x85, 0x16, 0x62, 0x55, 0x14, 0x32, 0x88, 0x23, 0x54, 0x58, 0x84, 0x33,
  0x70, 0x46, 0x61, 0x35, 0x61, 0x15, 0x00, 0x15, 0x83, 0x16, 0x17, 0x81,
  0x86, 0x67, 0x83, 0x67, 0x72, 0x70, 0x00, 0x53, 0x62, 0x65, 0x25, 0x04,
  0x10, 0x04, 0x65, 0x31, 0x70, 0x53, 0x00, 0x54, 0x77, 0x26, 0x44, 0x01,
  0x61, 0x43, 0x37, 0x20, 0x70, 0x07, 0x23, 0x25, 0x75, 0x12, 0x33, 0x13,
  0x60, 0x52, 0x86, 0x31, 0x44, 0x74, 0x23, 0x27, 0x83, 0x47, 0x32, 0x03,
  0x22, 0x20, 0x87, 0x35, 0x02, 0x47, 0x75, 0x02, 0x04, 0x35, 0x84, 0x71,
  0x63, 0x72, 0x38, 0x11, 0x74, 0x73, 0x11, 0x22, 0x15, 0x60, 0x65, 0x58,
  0x42, 0x80, 0x02, 0x76, 0x52, 0x30, 0x81, 0x43, 0x45, 0x78, 0x10, 0x78,
  0x12, 0x37, 0x83, 0x47, 0x67, 0x82, 0x44, 0x86, 0x33, 0x10, 0x31, 0x75,
  0x21, 0x64, 0x75, 0x32, 0x53, 0x45, 0x88, 0x34, 0x00, 0x46, 0x88, 0x54,
  0x75, 0x68, 0x43, 0x33, 0x37, 0x25, 0x40, 0x27, 0x22, 0x24, 0x61, 0x18,
  0x84, 0x35, 0x83, 0x52, 0x42, 0x75, 0x86, 0x14, 0x55, 0x06, 0x60, 0x28,
  0x34, 0x26, 0x48, 0x15, 0x31, 0x50, 0x26, 0x51, 0x83, 0x01, 0x58, 0x70,
  0x75, 0x83, 0x44, 0x18, 0x26, 0x15, 0x13, 0x81, 0x00, 0x04, 0x04, 0x52,
  0x80, 0x67, 0x10, 0x42, 0x75, 0x80, 0x40, 0x28, 0x71, 0x81, 0x14, 0x74,
  0x58, 0x34, 0x23, 0x11, 0x06, 0x13, 0x85, 0x80, 0x12, 0x20, 0x34, 0x66,
  0x15, 0x16, 0x43, 0x43, 0x31, 0x81, 0x51, 0x82, 0x20, 0x45, 0x81, 0x25,
  0x02, 0x17, 0x54, 0x52, 0x15, 0x64, 0x35, 0x12, 0x17, 0x86, 0x12, 0x53,
  0x61, 0x34, 0x17, 0x22, 0x53, 0x44, 0x63, 0x74, 0x84, 0x56, 0x32, 0x37,
  0x67, 0x12, 0x37, 0x10, 0x42, 0x32, 0x62, 0x58, 0x81, 0x61, 0x24, 0x81,
  0x38, 0x41, 0x50, 0x82, 0x23, 0x54, 0x42, 0x36, 0x21, 0x22, 0x30, 0x38,
  0x32, 0x27, 0x58, 0x00, 0x35, 0x88, 0x41, 0x65, 0x08, 0x41, 0x68, 0x46,
  0x10, 0x48, 0x42, 0x36, 0x27, 0x13, 0x76, 0x22, 0x88, 0x63, 0x48, 0x45,
  0x76, 0x26, 0x72, 0x75, 0x82, 0x25, 0x81, 0x12, 0x45, 0x20, 0x48, 0x54,
  0x71, 0x07, 0x57, 0x45, 0x47, 0x83, 0x66, 0x30, 0x16, 0x40, 0x00, 0x51,
  0x18, 0x71, 0x88, 0x81, 0x86, 0x84, 0x73, 0x84, 0x14, 0x68, 0x12, 0x32,
  0x31, 0x33, 0x45, 0x01, 0x01, 0x32, 0x37, 0x04, 0x11, 0x38, 0x71, 0x68,
  0x33, 0x06, 0x20, 0x84, 0x35, 0x62, 0x43, 0x45, 0x54, 0x13, 0x84, 0x07,
  0x36, 0x83, 0x16, 0x40, 0x70, 0x08, 0x87, 0x61, 0x78, 0x03, 0x76, 0x61,
  0x16, 0x13, 0x85, 0x88, 0x36, 0x24, 0x53, 0x18, 0x81, 0x28, 0x57, 0x05,
  0x60, 0x46, 0x52, 0x32, 0x47, 0x64, 0x51, 0x30, 0x75, 0x68, 0x25, 0x75,
  0x47, 0x74, 0x87, 0x21, 0x56, 0x75, 0x85, 0x82, 0x67, 0x05, 0x08, 0x55,
  0x66, 0x85, 0x74, 0x87, 0x06, 0x72, 0x40, 0x07, 0x15, 0x82, 0x80, 0x45,
  0x71, 0x87, 0x23, 0x40, 0x55, 0x80, 0x46, 0x36, 0x58, 0x86, 0x72, 0x27,
  0x42, 0x00, 0x61, 0x85, 0x20, 0x76, 0x76, 0x86, 0x41, 0x25, 0x73, 0x77,
  0x33, 0x74, 0x11, 0x11, 0x47, 0x78, 0x30, 0x01, 0x06, 0x08, 0x75, 0x72,
  0x50, 0x23, 0x08, 0x34, 0x53, 0x21, 0x18, 0x56, 0x36, 0x35, 0x34, 0x10,
  0x75, 0x44, 0x83, 0x41, 0x70, 0x46, 0x38, 0x87, 0x53, 0x40, 0x16, 0x58,
  0x55, 0x50, 0x26, 0x70, 0x36, 0x18, 0x33, 0x31, 0x33, 0x53, 0x32, 0x13,
  0x85, 0x36, 0x40, 0x53, 0x46, 0x76, 0x63, 0x85, 0x35, 0x77, 0x65, 0x34,
  0x41, 0x80, 0x11, 0x75, 0x40, 0x56, 0x11, 0x73, 0x75, 0x30, 0x62, 0x62,
  0x73, 0x66, 0x57, 0x24, 0x85, 0x61, 0x04, 0x64, 0x86, 0x30, 0x86, 0x37,
  0x17, 0x38, 0x77, 0x07, 0x60, 0x48, 0x88, 0x42, 0x86, 0x54, 0x48, 0x14,
  0x10, 0x45, 0x06, 0x16, 0x73, 0x42, 0x00, 0x48, 0x14, 0x46, 0x55, 0x33,
  0x62, 0x37, 0x16, 0x34, 0x45, 0x75, 0x41, 0x38, 0x52, 0x33, 0x65, 0x74,
  0x86, 0x07, 0x77, 0x62, 0x26, 0x36, 0x30, 0x38, 0x43, 0x20, 0x82, 0x16,
  0x58, 0x68, 0x87, 0x07, 0x04, 0x37, 0x71, 0x84, 0x68, 0x70, 0x02, 0x16,
  0x81, 0x34, 0x72, 0x53, 0x30, 0x15, 0x25, 0x57, 0x33, 0x88, 0x24, 0x12,
  0x77, 0x32, 0x72, 0x33, 0x70, 0x06, 0x55, 0x67, 0x21, 0x12, 0x88, 0x32,
  0x27, 0x05, 0x22, 0x34, 0x20, 0x53, 0x40, 0x78, 0x26, 0x26, 0x05, 0x68,
  0x40, 0x64, 0x57, 0x77, 0x66, 0x61, 0x38, 0x67, 0x32, 0x43, 0x16, 0x34,
  0x61, 0x77, 0x64, 0x36, 0x54, 0x53, 0x52, 0x55, 0x12, 0x23, 0x74, 0x65,
  0x56, 0x46, 0x66, 0x16, 0x78, 0x14, 0x60, 0x01, 0x26, 0x72, 0x63, 0x33,
  0x73, 0x73, 0x63, 0x30, 0x10, 0x53, 0x45, 0x86, 0x85, 0x81, 0x12, 0x14,
  0x15, 0x13, 0x01, 0x08, 0x72, 0x50, 0x83, 0x68, 0x86, 0x80, 0x07, 0x71,
  0x65, 0x20, 0x84, 0x48, 0x26, 0x32, 0x86, 0x47, 0x44, 0x10, 0x22, 0x74,
  0x87, 0x68, 0x50, 0x12, 0x12, 0x35, 0x63, 0x65, 0x07, 0x52, 0x68, 0x65,
  0x32, 0x43, 0x45, 0x07, 0x82, 0x64, 0x21, 0x15, 0x07, 0x23, 0x72, 0x00,
  0x71, 0x85, 0x56, 0x45, 0x43, 0x10, 0x54, 0x44, 0x77, 0x36, 0x74, 0x21,
  0x71, 0x37, 0x18, 0x12, 0x51, 0x64, 0x68, 0x31, 0x35, 0x77, 0x24, 0x01,
  0x32, 0x07, 0x40, 0x46, 0x08, 0x65, 0x24, 0x81, 0x35, 0x10, 0x76, 0x60,
  0x18, 0x82, 0x37, 0x50, 0x46, 0x31, 0x52, 0x33, 0x60, 0x16, 0x50, 0x31,
  0x62, 0x07, 0x42, 0x50, 0x84, 0x43, 0x60, 0x56, 0x75, 0x87, 0x53, 0x11,
  0x84, 0x77, 0x86, 0x74, 0x42, 0x57, 0x13, 0x02, 0x21, 0x25, 0x57, 0x72,
  0x44, 0x48, 0x62, 0x80, 0x18, 0x63, 0x87, 0x77, 0x15, 0x55, 0x74, 0x70,
  0x03, 0x71, 0x51, 0x74, 0x10, 0x34, 0x10, 0x38, 0x77, 0x12, 0x27, 0x07,
  0x35, 0x03, 0x14, 0x10, 0x64, 0x62, 0x04, 0x46, 0x63, 0x40, 0x55, 0x30,
  0x24, 0x37, 0x25, 0x40, 0x38, 0x62, 0x08, 0x42, 0x66, 0x23, 0x64, 0x36,
  0x02, 0x70, 0x81, 0x35, 0x87, 0x28, 0x77, 0x07, 0x22, 0x61, 0x36, 0x84,
  0x41, 0x63, 0x77, 0x11, 0x34, 0x10, 0x65, 0x76, 0x15, 0x08, 0x87, 0x10,
  0x73, 0x12, 0x47, 0x74, 0x82, 0x25, 0x28, 0x84, 0x42, 0x27, 0x71, 0x10,
  0x42, 0x80, 0x41, 0x01, 0x62, 0x51, 0x24, 0x72, 0x75, 0x84, 0x76, 0x72,
  0x48, 0x07, 0x11, 0x05, 0x31, 0x33, 0x63, 0x22, 0x45, 0x01, 0x31, 0x88,
  0x67, 0x43, 0x73, 0x65, 0x13, 0x70, 0x68, 0x83, 0x75, 0x62, 0x44, 0x34,
  0x54, 0x48, 0x08, 0x11, 0x62, 0x18, 0x87, 0x77, 0x71, 0x54, 0x65, 0x26,
  0x37, 0x86, 0x06, 0x57, 0x46, 0x65, 0x00, 0x36, 0x13, 0x26, 0x80, 0x16,
  0x11, 0x34, 0x10, 0x12, 0x52, 0x54, 0x00, 0x26, 0x46, 0x81, 0x40, 0x72,
  0x81, 0x05, 0x27, 0x41, 0x73, 0x22, 0x24, 0x80, 0x38, 0x37, 0x84, 0x33,
  0x86, 0x88, 0x55, 0x21, 0x53, 0x41, 0x71, 0x43, 0x38, 0x17, 0x17, 0x47,
  0x72, 0x37, 0x87, 0x77, 0x20, 0x71, 0x57, 0x44, 0x51, 0x80, 0x37, 0x48,
  0x06, 0x70, 0x01, 0x70, 0x61, 0x42, 0x02, 0x45, 0x23, 0x51, 0x53, 0x53,
  0x16, 0x08, 0x70, 0x55, 0x47, 0x46, 0x28, 0x22, 0x62, 0x87, 0x62, 0x31,
  0x78, 0x45, 0x35, 0x75, 0x07, 0x67, 0x71, 0x70, 0x32, 0x55, 0x62, 0x22,
  0x71, 0x30, 0x72, 0x42, 0x81, 0x54, 0x77, 0x68, 0x30, 0x80, 0x31, 0x07,
  0x53, 0x88, 0x15, 0x76, 0x88, 0x22, 0x46, 0x23, 0x65, 0x33, 0x64, 0x24,
  0x55, 0x83, 0x41, 0x85, 0x03, 0x60, 0x22, 0x72, 0x16, 0x13, 0x00, 0x67,
  0x00, 0x66, 0x07, 0x02, 0x77, 0x72, 0x40, 0x24, 0x70, 0x71, 0x57, 0x88,
  0x01, 0x63, 0x16, 0x74, 0x67, 0x73, 0x16, 0x53, 0x55, 0x35, 0x27, 0x25,
  0x63, 0x66, 0x01, 0x43, 0x57, 0x13, 0x17, 0x45, 0x76, 0x35, 0x18, 0x80,
  0x00, 0x00, 0x74, 0x36, 0x71, 0x21, 0x70, 0x53, 0x05, 0x37, 0x38, 0x83,
  0x72, 0x87, 0x13, 0x70, 0x01, 0x08, 0x08, 0x46, 0x60, 0x80, 0x83, 0x31,
  0x71, 0x38, 0x36, 0x22, 0x11, 0x73, 0x83, 0x28, 0x27, 0x56, 0x87, 0x82,
  0x84, 0x50, 0x14, 0x55, 0x34, 0x38, 0x05, 0x41, 0x76, 0x34, 0x81, 0x23,
  0x68, 0x02, 0x00, 0x68, 0x16, 0x02, 0x76, 0x35, 0x47, 0x51, 0x10, 0x68,
  0x32, 0x55, 0x50, 0x16, 0x04, 0x74, 0x28, 0x28, 0x73, 0x70, 0x73, 0x81,
  0x40, 0x36, 0x10, 0x21, 0x35, 0x22, 0x52, 0x05, 0x06, 0x81, 0x57, 0x03,
  0x44, 0x82, 0x88, 0x38, 0x44, 0x51, 0x50, 0x48, 0x88, 0x33, 0x17, 0x67,
  0x67, 0x16, 0x86, 0x14, 0x71, 0x43, 0x07, 0x77, 0x03, 0x48, 0x84, 0x80,
  0x33, 0x40, 0x12, 0x10, 0x00, 0x57, 0x35, 0x46, 0x48, 0x21, 0x67, 0x11,
  0x57, 0x13, 0x72, 0x35, 0x70, 0x20, 0x61, 0x85, 0x42, 0x56, 0x77, 0x05,
  0x84, 0x50, 0x45, 0x23, 0x76, 0x73, 0x40, 0x23, 0x54, 0x13, 0x80, 0x30,
  0x11, 0x10, 0x12, 0x37, 0x43, 0x87, 0x73, 0x40, 0x78, 0x16, 0x36, 0x32,
  0x51, 0x13, 0x23, 0x63, 0x22, 0x52, 0x20, 0x30, 0x31, 0x04, 0x00, 0x74,
  0x47, 0x71, 0x67, 0x30, 0x32, 0x01, 0x88, 0x68, 0x63, 0x53, 0x61, 0x68,
  0x32, 0x76, 0x67, 0x07, 0x04, 0x15, 0x70, 0x52, 0x61, 0x47, 0x52, 0x78,
  0x34, 0x45, 0x42, 0x17, 0x22, 0x57, 0x85, 0x70, 0x07, 0x18, 0x67, 0x55,
  0x70, 0x75, 0x00, 0x13, 0x56, 0x06, 0x37, 0x78, 0x14, 0x15, 0x24, 0x62,
  0x15, 0x63, 0x73, 0x58, 0x23, 0x55, 0x47, 0x66, 0x45, 0x85, 0x18, 0x58,
  0x02, 0x17, 0x68, 0x30, 0x52, 0x72, 0x13, 0x48, 0x11, 0x14, 0x28, 0x44,
  0x22, 0x66, 0x87, 0x32, 0x67, 0x68, 0x20, 0x47, 0x54, 0x52, 0x31, 0x33,
  0x50, 0x42, 0x45, 0x56, 0x58, 0x10, 0x71, 0x18, 0x70, 0x62, 0x56, 0x81,
  0x82, 0x06, 0x20, 0x48, 0x55, 0x71, 0x82, 0x51, 0x81, 0x32, 0x71, 0x85,
  0x80, 0x83, 0x71, 0x73, 0x23, 0x83, 0x88, 0x88, 0x43, 0x42, 0x38, 0x45,
  0x76, 0x16, 0x11, 0x72, 0x32, 0x51, 0x65, 0x62, 0x20, 0x62, 0x27, 0x15,
  0x40, 0x76, 0x43, 0x66, 0x41, 0x70, 0x17, 0x10, 0x46, 0x00, 0x14, 0x36,
  0x30, 0x70, 0x43, 0x31, 0x26, 0x02, 0x60, 0x84, 0x88, 0x00, 0x87, 0x41,
  0x5d, 0x49, 0xb1, 0x67, 0x5e, 0xdc, 0x5d, 0x32, 0x4a, 0x8d, 0x5e, 0xbf,
  0x4e, 0xc6, 0x61, 0xba, 0x42, 0x4d, 0x9b, 0x89, 0xc3, 0xa7, 0x52, 0x80,
  0xba, 0xfa, 0xaa, 0x51, 0x53, 0x40, 0x49, 0x53, 0x8c, 0x7a, 0xf4, 0xa8,
  0xae, 0x2c, 0x83, 0x6c, 0xc4, 0xf5, 0x8e, 0x47, 0x6f, 0x60, 0x20, 0x4c,
  0xab, 0xa3, 0x66, 0xca, 0xfd, 0xc7, 0x51, 0x7f, 0x43, 0x94, 0x54, 0xff,
  0xc7, 0xe8, 0x58, 0x2d, 0x57, 0x94, 0xd2, 0x68, 0x84, 0x90, 0xd2, 0x63,
  0x0f, 0xec, 0x38, 0x85, 0xd0, 0xb8, 0xe6, 0xe3, 0x76, 0x76, 0x4f, 0x9b,
  0x61, 0x83, 0xb8, 0x08, 0x80, 0xc7, 0x9a, 0x0a, 0xa8, 0x83, 0x42, 0x59,
  0xcb, 0x2e, 0xbf, 0x77, 0x7b, 0x84, 0xb1, 0xf4, 0x01, 0xa9, 0x65, 0x62,
  0x02, 0x06, 0xc3, 0x96, 0x9e, 0x08, 0xd6, 0xbe, 0x3c, 0x1d, 0x66, 0xf4,
  0x1c, 0x9b, 0x44, 0x1e, 0xec, 0xd5, 0x72, 0x32, 0xd5, 0x56, 0x4f, 0xef,
  0xa8, 0x62, 0x2e, 0x74, 0xbd, 0xc0, 0x77, 0x3a, 0xc9, 0x5b, 0x68, 0xdc,
  0x10, 0x14, 0xbf, 0xfa, 0x69, 0xc4, 0xd8, 0x40, 0x0f, 0xde, 0x47, 0x7d,
  0xfe, 0xb7, 0xb2, 0x5c, 0x81, 0xad, 0x30, 0x79, 0x19, 0xaa, 0x25, 0xc6,
  0xa8, 0xf8, 0xc5, 0xa8, 0x03, 0x6d, 0x87, 0x3e, 0xce, 0xaf, 0xe6, 0x31,
  0x01, 0x94, 0x3a, 0x96, 0xd8, 0x65, 0x88, 0x3b, 0xd5, 0x8f, 0x85, 0x61,
  0x44, 0x35, 0x7e, 0x2c, 0x09, 0x21, 0xfa, 0x14, 0x3f, 0x6f, 0x2e, 0xc1,
  0x52, 0xce, 0xd2, 0xa5, 0x19, 0x7a, 0xd7, 0x3d, 0x8e, 0xfc, 0xe5, 0x45,
  0x2c, 0xda, 0xb1, 0x06, 0x3a, 0xdd, 0xeb, 0x8e, 0xe1, 0xb2, 0x8a, 0xdc,
  0x41, 0xcb, 0x5a, 0x5c, 0x2f, 0x23, 0xff, 0x83, 0x82, 0x9c, 0x2d, 0x63,
  0xe5, 0x08, 0xb6, 0xce, 0xb6, 0x70, 0x2d, 0x95, 0x62, 0x74, 0x5c, 0xc2,
  0xae, 0xc1, 0xf2, 0x7a, 0xeb, 0x07, 0xaf, 0x5d, 0x08, 0xd0, 0x60, 0xb0,
  0xd1, 0x27, 0x0e, 0xaf, 0x49, 0x99, 0x4d, 0xab, 0x8a, 0xd5, 0x12, 0xfb,
  0x61, 0xc5, 0xef, 0x41, 0x5d, 0x7f, 0x08, 0x4b, 0x35, 0xe1, 0xca, 0xcf,
  0xbd, 0x92, 0x4e, 0x95, 0x95, 0x1e, 0x7d, 0x4c, 0x70, 0xbe, 0x96, 0x2a,
  0x42, 0xb0, 0x8b, 0xdd, 0x69, 0x8b, 0xbf, 0x28, 0x58, 0x25, 0x11, 0x85,
  0x56, 0xf7, 0xc3, 0x15, 0x12, 0x23, 0xd7, 0x3e, 0xf2, 0x22, 0xae, 0x3e,
  0x0f, 0x14, 0x00, 0x47, 0xc3, 0x57, 0x5a, 0xb9, 0xa7, 0xbf, 0x1d, 0xb8,
  0xb4, 0xe8, 0xc4, 0xd8, 0xb8, 0xdd, 0xc1, 0x45, 0x04, 0x52, 0xee, 0xf1,
  0x72, 0xf2, 0x39, 0x41, 0xef, 0xbe, 0x5e, 0x32, 0x66, 0xbf, 0x65, 0x0c,
  0x57, 0x55, 0xa0, 0xa9, 0x68, 0x19, 0xf2, 0xbe, 0xcd, 0x0b, 0xce, 0xf5,
  0xb3, 0xd9, 0x28, 0x4d, 0x5c, 0x5f, 0xe0, 0x27, 0x25, 0x65, 0xe9, 0x13,
  0x15, 0x36, 0xc3, 0xff, 0x53, 0xf8, 0x4d, 0xac, 0x8d, 0xd5, 0x66, 0xea,
  0xb3, 0x92, 0x92, 0x3c, 0x2d, 0x56, 0x4e, 0x96, 0xca, 0xe2, 0x5a, 0xe7,
  0xf5, 0x9b, 0xd1, 0x65, 0xe2, 0x12, 0xf3, 0xf2, 0x96, 0x27, 0x3c, 0xa7,
  0x1a, 0x14, 0xd7, 0xf6, 0x8d, 0x24, 0xbe, 0x47, 0xc3, 0xfa, 0xfa, 0x50,
  0xf4, 0x5e, 0xb1, 0xeb, 0xdd, 0x72, 0xcb, 0x11, 0x54, 0x6c, 0xf1, 0x23,
  0xfc, 0xff, 0x8a, 0xb6, 0xed, 0x82, 0x65, 0xc7, 0x8a, 0x67, 0x03, 0x68,
  0xfc, 0x15, 0x48, 0x54, 0x74, 0xba, 0xb3, 0xcb, 0xd4, 0x8f, 0x00, 0x1e,
  0x50, 0x9f, 0xeb, 0xa3, 0x4a, 0xca, 0x71, 0xe9, 0x0a, 0x03, 0xc1, 0xc3,
  0x10, 0x81, 0x90, 0xc4, 0x95, 0xd9, 0xa7, 0xad, 0xa0, 0xde, 0x69, 0x35,
  0x15, 0x06, 0x84, 0xc0, 0x7a, 0x6e, 0x34, 0xec, 0x8a, 0xd1, 0xf6, 0x03,
  0xf5, 0x45, 0xa5, 0x15, 0x2f, 0x6a, 0xcb, 0x7f, 0x93, 0xa8, 0xa3, 0xc6,
  0xb2, 0xa4, 0x68, 0x31, 0xdc, 0x82, 0x42, 0xf4, 0x7d, 0xf2, 0x11, 0x93,
  0x44, 0x5a, 0xf7, 0x81, 0x33, 0x9c, 0x40, 0x5c, 0xef, 0x87, 0xe0, 0x24,
  0xab, 0x60, 0xd4, 0x05, 0x91, 0x46, 0x5a, 0x0f, 0x67, 0xb5, 0xbc, 0x93,
  0x74, 0xbd, 0x2b, 0x5b, 0x03, 0xe5, 0xbb, 0xb2, 0x1a, 0x07, 0xd9, 0xf8,
  0xc9, 0xd3, 0x42, 0x73, 0x88, 0x70, 0x94, 0x06, 0xe0, 0x30, 0x63, 0x0c,
  0x35, 0x34, 0xd2, 0x68, 0x04, 0xa9, 0x2c, 0xbb, 0x92, 0x74, 0x4f, 0x03,
  0x94, 0xf4, 0xce, 0xca, 0x74, 0xdf, 0x4a, 0x22, 0x01, 0xfa, 0x5a, 0x4b,
  0xb3, 0x3d, 0xf9, 0x91, 0xf2, 0x4f, 0x87, 0x95, 0x60, 0xce, 0xf2, 0x8a,
  0x2b, 0x51, 0xc6, 0xa9, 0x0b, 0xf2, 0x5d, 0xd9, 0x82, 0x4a, 0x05, 0x18,
  0x92, 0xf8, 0x4e, 0xaf, 0xfc, 0x4c, 0xa4, 0x56, 0xfd, 0x85, 0x37, 0x47,
  0x7e, 0xf9, 0xe0, 0x05, 0x79, 0x1a, 0x75, 0xe0, 0x46, 0x55, 0xd8, 0x64,
  0x69, 0x87, 0x26, 0x6e, 0xfc, 0x5e, 0x22, 0xb9, 0x52, 0x95, 0x44, 0x99,
  0x40, 0xdf, 0xbb, 0xf9, 0x70, 0x3c, 0x02, 0x06, 0x5e, 0x1a, 0x52, 0xa9,
  0x10, 0x29, 0x9e, 0x63, 0x21, 0x9f, 0x3c, 0xfa, 0x40, 0x4b, 0x9b, 0xdf,
  0xb0, 0xd4, 0x46, 0x54, 0xa6, 0x61, 0x41, 0xc2, 0xb0, 0x84, 0x01, 0xae,
  0x42, 0xcf, 0xc1, 0x15, 0x86, 0x74, 0x50, 0xdd, 0xf7, 0x9e, 0x62, 0xbf,
  0x81, 0xb3, 0xb5, 0xb8, 0x38, 0x8f, 0xb6, 0xe6, 0xd6, 0x7d, 0xf7, 0x1d,
  0x96, 0x22, 0xcb, 0x28, 0x4b, 0x4f, 0xcb, 0x01, 0x23, 0xcc, 0x9a, 0x13,
  0x6d, 0x52, 0x7f, 0x78, 0x09, 0xef, 0x0f, 0x18, 0x6b, 0x01, 0x75, 0xb8,
  0xab, 0x4e, 0x0b, 0xae, 0x40, 0xce, 0x22, 0x9b, 0xa5, 0x75, 0xfb, 0xfe,
  0x01, 0x5e, 0xf0, 0xbe, 0xb3, 0xbb, 0xd6, 0xfe, 0x20, 0xf3, 0x57, 0x8b,
  0x4c, 0x2a, 0x0c, 0x3b, 0xb0, 0xb6, 0x5f, 0x2f, 0xb5, 0x3b, 0xe7, 0x9a,
  0x17, 0xba, 0x22, 0x44, 0xdb, 0x87, 0xe9, 0x35, 0x39, 0x27, 0x91, 0xc8,
  0x0c, 0x20, 0x84, 0x3a, 0xee, 0x4b, 0x76, 0x12, 0x36, 0x3a, 0xf5, 0xa4,
  0x41, 0x98, 0xe3, 0xcb, 0xe9, 0x60, 0x19, 0xe6, 0x46, 0x37, 0x5c, 0x3b,
  0x24, 0x51, 0x8a, 0x43, 0x77, 0xf4, 0xbc, 0xfd, 0x5d, 0x92, 0x98, 0x2c,
  0xf6, 0xda, 0x03, 0x55, 0xfd, 0x17, 0x44, 0xf3, 0x67, 0x07, 0x4b, 0xb5,
  0x37, 0xa4, 0x57, 0x53, 0x9e, 0x53, 0xe5, 0x48, 0x1c, 0xf8, 0x97, 0x8f,
  0x75, 0xc1, 0x54, 0xd8, 0xd7, 0x8d, 0x55, 0x89, 0x36, 0x98, 0xee, 0xdb,
  0x83, 0xfb, 0x0f, 0xae, 0x9e, 0x0f, 0x1a, 0x02, 0x50, 0x95, 0xac, 0x83,
  0xf7, 0x09, 0xd1, 0x16, 0x81, 0x36, 0x56, 0xf7, 0x54, 0x39, 0x3b, 0x86,
  0x70, 0xf9, 0x00, 0x52, 0xc0, 0x50, 0x0b, 0x65, 0xe3, 0x7d, 0xdf, 0x7e,
  0x21, 0x14, 0x93, 0x31, 0x24, 0x40, 0x21, 0x98, 0xc9, 0xbb, 0x20, 0xa8,
  0x88, 0xc2, 0xcc, 0xd5, 0x06, 0xa8, 0xf5, 0xbe, 0x22, 0xa5, 0xca, 0xe8,
  0xa0, 0xcc, 0xfc, 0xa8, 0xb7, 0xb2, 0x09, 0xa7, 0xb3, 0x29, 0x24, 0x75,
  0xc3, 0x27, 0xda, 0x58, 0xea, 0x4a, 0xbd, 0xf0, 0x2b, 0x65, 0x64, 0xe5,
  0x23, 0x89, 0x03, 0xf8, 0x84, 0x07, 0xb9, 0xdd, 0xbf, 0xe8, 0xd6, 0xc5,
  0x9d, 0xa9, 0x23, 0x35, 0x4c, 0x69, 0x2a, 0xff, 0x6b, 0xe7, 0x4b, 0x4a,
  0xad, 0x81, 0xa9, 0x35, 0x19, 0x4c, 0x27, 0x45, 0x41, 0xed, 0xce, 0xeb,
  0x43, 0x01, 0x57, 0x0c, 0xc3, 0x35, 0x43, 0x2c, 0x92, 0xf5, 0xff, 0x64,
  0xac, 0xeb, 0x77, 0x15, 0x06, 0x5c, 0xe2, 0x60, 0x9b, 0x12, 0xc5, 0x68,
  0x26, 0x22, 0x14, 0xb9, 0xaf, 0x58, 0x95, 0x0c, 0x37, 0xaf, 0x94, 0x4f,
  0x35, 0x53, 0x09, 0xf5, 0x1a, 0xcf, 0xa0, 0x16, 0xaa, 0x40, 0xba, 0x64,
  0xec, 0x5a, 0x67, 0x8f, 0x32, 0x23, 0x95, 0x10, 0x94, 0x08, 0xb8, 0x50,
  0xd7, 0xfe, 0xe8, 0xa6, 0xe0, 0xde, 0xa9, 0x3c, 0xd2, 0x86, 0x59, 0x8a,
  0xae, 0x56, 0x84, 0xf2, 0x02, 0x14, 0x48, 0x3a, 0xdc, 0x04, 0xff, 0xed,
  0x5e, 0xef, 0xd8, 0xe1, 0x29, 0x56, 0x26, 0xfb, 0xd3, 0xe4, 0x0d, 0x7a,
  0x14, 0xff, 0x78, 0x8f, 0x70, 0x6d, 0xfb, 0x74, 0xd9, 0xfe, 0x36, 0xf6,
  0x6c, 0xec, 0xee, 0x94, 0x1c, 0x20, 0xd1, 0x0f, 0x60, 0xe7, 0x24, 0x54,
  0xc5, 0x10, 0xfa, 0x89, 0x64, 0xfd, 0xa3, 0xe1, 0xef, 0x8c, 0xd0, 0x37,
  0xe3, 0x85, 0x85, 0x16, 0x26, 0x78, 0x2e, 0xd1, 0x4c, 0xda, 0xb3, 0xc6,
  0xa6, 0x46, 0x73, 0xc5, 0xfb, 0xae, 0x04, 0xda, 0x12, 0x23, 0x86, 0x90,
  0xa9, 0x14, 0xb3, 0x4a, 0xb5, 0xc7, 0x57, 0x64, 0x22, 0xe5, 0xd3, 0xac,
  0xc5, 0x28, 0x4a, 0x08, 0xce, 0xff, 0x6a, 0x10, 0x43, 0x31, 0x3b, 0xc1,
  0x7c, 0x71, 0xf6, 0x30, 0xf4, 0x3e, 0x2e, 0x2f, 0xa6, 0xb3, 0xf2, 0xed,
  0x7b, 0x34, 0xac, 0x15, 0x8f, 0xc2, 0x6d, 0x95, 0x64, 0x25, 0xdf, 0x86,
  0xed, 0xb2, 0x34, 0xd0, 0x99, 0x56, 0x4c, 0xcf, 0x0a, 0x88, 0xf8, 0xec,
  0x5d, 0x08, 0x4a, 0x52, 0xd6, 0xfd, 0xf1, 0x5c, 0xf5, 0xff, 0xa6, 0x7d,
  0x2e, 0x38, 0x4e, 0x42, 0x42, 0xc1, 0xc6, 0x33, 0x46, 0xb7, 0x20, 0xbe,
  0x7e, 0x33, 0xe8, 0xd2, 0x48, 0x24, 0x96, 0x3e, 0x13, 0xb5, 0x30, 0x76,
  0x2e, 0xd1, 0x47, 0xa5, 0x66, 0x3a, 0x6e, 0x13, 0x42, 0xf2, 0xec, 0x57,
  0x26, 0xb0, 0xa3, 0x31, 0x45, 0xb2, 0xed, 0x35, 0x2f, 0x84, 0x64, 0x3f,
  0xb7, 0x95, 0x6f, 0xaa, 0xd6, 0xed, 0x14, 0xde, 0x38, 0xbb, 0x51, 0x68,
  0x04, 0x19, 0x16, 0xe5, 0x42, 0xf6, 0xf0, 0x7c, 0x6c, 0x2f, 0x17, 0xb0,
  0x13, 0xc5, 0xb6, 0x9b, 0xc5, 0xdd, 0x6c, 0x75, 0x75, 0xe5, 0x17, 0xc6,
  0x34, 0x45, 0x58, 0x8c, 0xcd, 0x8b, 0xfb, 0x52, 0x2a, 0xe2, 0xa8, 0xa3,
  0x59, 0xd8, 0x86, 0x51, 0x72, 0x88, 0xb3, 0x12, 0x2f, 0x9d, 0x53, 0x91,
  0xaa, 0x40, 0x62, 0xec, 0x84, 0x59, 0x32, 0x3e, 0x24, 0xb8, 0xac, 0x21,
  0xd9, 0x60, 0xf3, 0x86, 0xc4, 0x9f, 0x6d, 0x3c, 0xd8, 0x04, 0x08, 0x18,
  0x15, 0x41, 0x97, 0x5a, 0x5b, 0xd9, 0x0e, 0x6e, 0x45, 0xb5, 0x4a, 0x23,
  0xa2, 0x72, 0x8d, 0xa2, 0xae, 0x40, 0xd8, 0xcb, 0xa7, 0xcc, 0xa6, 0x25,
  0xf4, 0x71, 0x35, 0x6a, 0x51, 0x9e, 0x8a, 0x53, 0x1c, 0x94, 0x12, 0x28,
  0x97, 0x3b, 0x12, 0x31, 0xb9, 0x15, 0x38, 0x9d, 0x23, 0x48, 0x23, 0x01,
  0x96, 0x5d, 0x3d, 0xf2, 0xb1, 0x0a, 0xba, 0xb9, 0x3e, 0x96, 0x92, 0xb7,
  0x49, 0xc9, 0xfe, 0xb4, 0xd7, 0x5c, 0xbf, 0x69, 0xe9, 0x22, 0xdd, 0x79,
  0x54, 0x6a, 0xa6, 0x8f, 0xc0, 0x80, 0xbb, 0x23, 0xae, 0x8a, 0x19, 0xcf,
  0x22, 0x63, 0x85, 0x60, 0x1e, 0x27, 0x06, 0x80, 0xd5, 0xfb, 0x69, 0x9f,
  0xc6, 0x0b, 0xa6, 0xf1, 0xb3, 0x9d, 0xa9, 0xed, 0x7b, 0x40, 0xd5, 0x06,
  0x1b, 0x75, 0x44, 0xbd, 0x2f, 0x3a, 0x9c, 0x36, 0xa2, 0xdd, 0xf8, 0x11,
  0x55, 0x5b, 0x06, 0xb0, 0x31, 0x79, 0x74, 0x03, 0xee, 0x64, 0x03, 0x54,
  0x8d, 0x51, 0x63, 0xf3, 0x95, 0x61, 0x76, 0x11, 0xb6, 0x47, 0x3b, 0x73,
  0x07, 0x96, 0xed, 0x66, 0x10, 0x4c, 0xdc, 0xd7, 0xa3, 0xcf, 0x85, 0x43,
  0x9b, 0x72, 0x7b, 0x52, 0x03, 0x13, 0x80, 0x4f, 0xce, 0x9a, 0x11, 0xd7,
  0x33, 0x1f, 0xaf, 0x0a, 0x39, 0xd9, 0xbf, 0x4b, 0x24, 0xa4, 0xfc, 0xf1,
  0x4b, 0xfc, 0xe5, 0x63, 0x04, 0x6a, 0xc8, 0x36, 0x1b, 0x3d, 0xa7, 0x82,
  0x9a, 0x61, 0x61, 0x7f, 0x21, 0xc3, 0xb2, 0x67, 0xe4, 0x4b, 0xde, 0x85,
  0xc3, 0xcb, 0x07, 0x8d, 0xb6, 0xfb, 0xab, 0xdf, 0xc5, 0x57, 0xc2, 0x7b,
  0x6f, 0xa0, 0xdc, 0x3d, 0x1a, 0x1d, 0xe1, 0x47, 0x17, 0x27, 0xfa, 0x58,
  0x6c, 0x18, 0x82, 0xab, 0x48, 0xa5, 0xbd, 0x31, 0x43, 0xe0, 0x9e, 0x08,
  0x92, 0x30, 0xb8, 0x00, 0x64, 0x10, 0x52, 0x70, 0x5d, 0x17, 0x9d, 0xe5,
  0x07, 0x75, 0x9a, 0xcb, 0x13, 0x99, 0xda, 0x23, 0xd9, 0x44, 0xc5, 0x63,
  0xb1, 0x7e, 0x56, 0x50, 0x7f, 0x87, 0x2d, 0xd2, 0x11, 0x55, 0x2c, 0x61,
  0x8b, 0x02, 0x16, 0x11, 0xe5, 0x26, 0x98, 0x18, 0x2d, 0xb1, 0x61, 0x84,
  0xd8, 0xdd, 0xe8, 0x1c, 0x2e, 0xd9, 0x67, 0x73, 0xc7, 0x8f, 0xe3, 0x3d,
  0x7c, 0xe6, 0x81, 0xc8, 0xc8, 0x55, 0x02, 0x75, 0x82, 0x79, 0x16, 0x36,
  0xbe, 0x26, 0x73, 0x08, 0x83, 0xdd, 0x2b, 0x74, 0x85, 0x24, 0xb7, 0x8e,
  0xf6, 0x55, 0x19, 0xf6, 0xc7, 0x40, 0xe2, 0xb1, 0x8b, 0xf4, 0xa9, 0xfe,
  0x58, 0x00, 0x6b, 0x2c, 0xc5, 0x55, 0xbb, 0xad, 0x51, 0x98, 0xf7, 0x84,
  0x46, 0x54, 0xde, 0x95, 0x3b, 0x6b, 0x1b, 0xd8, 0x7d, 0x79, 0xfc, 0x8e,
  0xf1, 0x3e, 0x37, 0x37, 0x14, 0xfd, 0xec, 0x54, 0xd6, 0x53, 0x1c, 0x78,
  0xd5, 0xce, 0xa3, 0xfb, 0xbc, 0xe2, 0x4c, 0x00, 0xf3, 0xa1, 0xa3, 0x40,
  0xcc, 0xdb, 0x0e, 0xab, 0xe4, 0x9a, 0x3d, 0x04, 0x66, 0x4a, 0x63, 0x52,
  0x02, 0x8f, 0x49, 0x42, 0xd1, 0x18, 0xa2, 0xfd, 0xde, 0x0a, 0xa1, 0xb9,
  0xb0, 0x26, 0xa0, 0x93, 0xf0, 0xa0, 0xef, 0xec, 0x6b, 0xc0, 0x10, 0x47,
  0x18, 0x2e, 0x62, 0xba, 0x66, 0x53, 0x9a, 0x94, 0xc8, 0x76, 0x8a, 0x9d,
  0xb3, 0xb6, 0x8c, 0x1a, 0x1e, 0xb3, 0x53, 0x68, 0x77, 0x63, 0x63, 0x98,
  0xe3, 0xd9, 0x74, 0x02, 0xf2, 0x72, 0xec, 0xda, 0xc7, 0x73, 0xe7, 0x68,
  0xee, 0xdb, 0xdd, 0xa2, 0xf3, 0x21, 0x03, 0x30, 0x43, 0xfa, 0xbc, 0x71,
  0xd9, 0x5b, 0x52, 0x79, 0x49, 0xb1, 0x2c, 0x56, 0x03, 0xd3, 0xb2, 0x70,
  0xc6, 0x55, 0x06, 0x32, 0x74, 0xcd, 0x94, 0x66, 0x42, 0xc4, 0x83, 0x53,
  0x66, 0x82, 0x72, 0xd6, 0xcb, 0xb7, 0x46, 0x34, 0x70, 0x2b, 0x9c, 0x52,
  0x53, 0x7c, 0xff, 0xf9, 0xc0, 0xe0, 0xd0, 0xef, 0x39, 0xa7, 0x83, 0xc8,
  0xf5, 0xa1, 0x3e, 0xf7, 0x0a, 0x98, 0x30, 0x74, 0xf4, 0xd5, 0x71, 0xd6,
  0x08, 0xb2, 0x5a, 0x0f, 0x23, 0x86, 0x9f, 0x0e, 0x18, 0xb5, 0xd6, 0x3b,
  0x3b, 0xbb, 0x05, 0xee, 0xb5, 0xcc, 0x07, 0xd1, 0x7a, 0x56, 0x78, 0x68,
  0x83, 0x4c, 0x12, 0xd6, 0xe5, 0xc9, 0x2f, 0x52, 0xf8, 0x53, 0x88, 0x32,
  0x98, 0xa7, 0x05, 0xf1, 0x0d, 0x3c, 0xd7, 0x23, 0x9c, 0x41, 0xfb, 0xa6,
  0xe0, 0x77, 0x61, 0x98, 0x01, 0x42, 0xcb, 0x3a, 0xdd, 0x0b, 0xc8, 0x11,
  0x2f, 0xde, 0xf4, 0x1b, 0xbc, 0xa5, 0x66, 0x3d, 0xf1, 0xff, 0x20, 0x5f,
  0xc0, 0x43, 0x10, 0xc1, 0xaa, 0x16, 0x53, 0x37, 0xaf, 0x0e, 0xa4, 0xdb,
  0x2b, 0xb9, 0x3b, 0x14, 0x85, 0x74, 0x53, 0x8a, 0xd0, 0x5f, 0x1c, 0x76,
  0x71, 0x6b, 0x1c, 0x08, 0x23, 0x3e, 0xa1, 0x78, 0x71, 0x06, 0x7c, 0xbc,
  0x2e, 0x13, 0xa0, 0x01, 0x5d, 0xd4, 0x92, 0x36, 0xe3, 0xed, 0x60, 0x96,
  0x39, 0x08, 0xe4, 0x02, 0xcf, 0x9a, 0x9a, 0xd3, 0x6e, 0x12, 0x02, 0xda,
  0x0f, 0x3b, 0xea, 0x18, 0xa7, 0x57, 0x66, 0xc7, 0xcd, 0x4f, 0xbc, 0xf7,
  0x93, 0xad, 0x57, 0xd6, 0x1c, 0xe9, 0xa5, 0xca, 0x19, 0x1a, 0x99, 0x9a,
  0x25, 0x12, 0xac, 0x2a, 0xd5, 0xba, 0x25, 0x19, 0xd4, 0x4b, 0x9f, 0xd4,
  0xa8, 0xe6, 0x3c, 0x00, 0x0f, 0xb2, 0xcc, 0x44, 0x12, 0xae, 0x8a, 0x20,
  0xf7, 0x4c, 0x87, 0x7d, 0xf6, 0xa1, 0x52, 0x15, 0x83, 0x94, 0x6f, 0x68,
  0x7a, 0xc0, 0x4d, 0x63, 0x01, 0x0a, 0xde, 0xcd, 0x73, 0xee, 0x88, 0xd3,
  0x58, 0xaf, 0x72, 0x2f, 0x03, 0x83, 0xf5, 0x90, 0xff, 0x27, 0x8b, 0x2e,
  0x39, 0x93, 0x2f, 0x7b, 0xc4, 0xd9, 0x42, 0xbb, 0x46, 0x37, 0xa1, 0x37,
  0x76, 0x67, 0xa5, 0x8c, 0x18, 0x0c, 0x0b, 0x5e, 0xaa, 0x1a, 0x4a, 0x39,
  0xba, 0xe9, 0x6d, 0xef, 0xab, 0x74, 0x92, 0x48, 0x33, 0x08, 0xd9, 0x13,
  0xa5, 0x9b, 0x61, 0x56, 0xf8, 0xd2, 0xcd, 0x64, 0x93, 0xe6, 0x96, 0x8c,
  0x61, 0x19, 0x45, 0x30, 0x59, 0x75, 0x5f, 0xed, 0x3f, 0xa4, 0x3b, 0x00,
  0x68, 0x30, 0xd1, 0xa3, 0x5e, 0x2f, 0x71, 0x24, 0x77, 0x9e, 0xbf, 0xd4,
  0xb0, 0x64, 0x12, 0xa5, 0x14, 0x82, 0x44, 0x03, 0x90, 0xcf, 0x3a, 0xa5,
  0x74, 0xce, 0x01, 0x85, 0xb1, 0x56, 0x4f, 0x08, 0xd6, 0x1a, 0xef, 0xc5,
  0x6d, 0x51, 0x1e, 0x34, 0x91, 0x04, 0x41, 0x8e, 0x8a, 0xde, 0xde, 0x86,
  0x4c, 0x2b, 0xe1, 0x16, 0x35, 0x99, 0x00, 0x10, 0xad, 0xaa, 0x2b, 0xdf,
  0x36, 0xf8, 0xbf, 0x60, 0x68, 0x0d, 0x87, 0xa8, 0x3b, 0xde, 0xa5, 0x04,
  0xa6, 0x6f, 0x7a, 0x4d, 0x5a, 0x52, 0x02, 0x05, 0xe9, 0x8f, 0x34, 0x47,
  0x47, 0x5d, 0xda, 0x85, 0xca, 0xd5, 0x7e, 0xd7, 0x65, 0x85, 0x89, 0x0a,
  0x0b, 0xb3, 0xc2, 0x33, 0x07, 0x60, 0xe5, 0xcb, 0xb7, 0x28, 0x83, 0x84,
  0xf1, 0xa8, 0xb6, 0xcd, 0xfa, 0x30, 0x87, 0x38, 0xf1, 0xb2, 0x4f, 0x97,
  0x90, 0x15, 0x4b, 0x1f, 0x2b, 0x4c, 0x9a, 0xba, 0x43, 0x63, 0x5c, 0x52,
  0x55, 0x92, 0x7a, 0xeb, 0x47, 0xb5, 0xaa, 0x7c, 0xe3, 0xe7, 0xce, 0xf6,
  0x58, 0x76, 0x42, 0xdf, 0x6a, 0x27, 0x60, 0xa0, 0xf1, 0x8d, 0xc2, 0xcd,
  0x62, 0x47, 0x1b, 0x11, 0x20, 0xa8, 0x09, 0xa8, 0x00, 0xee, 0x23, 0xb3,
  0x8d, 0x2f, 0x91, 0xb2, 0x7a, 0x0a, 0x69, 0x61, 0x53, 0xa8, 0xdd, 0xfe,
  0xab, 0x10, 0x75, 0xe1, 0x09, 0x1a, 0xc1, 0x0a, 0x51, 0xdc, 0xe2, 0xfc,
  0x6c, 0x9c, 0x4f, 0x66, 0xde, 0x6d, 0x73, 0xd2, 0xde, 0xbc, 0x9d, 0x37,
  0x54, 0xd1, 0x3a, 0xb5, 0x20, 0x00, 0x1e, 0x47, 0x0c, 0x77, 0x35, 0x92,
  0xf3, 0x6b, 0xee, 0x21, 0x72, 0xf3, 0x26, 0x78, 0x2e, 0x50, 0x00, 0xa1,
  0xaf, 0x68, 0xc7, 0xcc, 0xc4, 0xc5, 0x3a, 0xe5, 0xc0, 0xda, 0xf7, 0x01,
  0xc4, 0xf7, 0xd4, 0xa9, 0x86, 0x65, 0xaa, 0x19, 0x7c, 0xe8, 0xbc, 0x18,
  0x79, 0x86, 0x8b, 0x72, 0x7c, 0x03, 0x38, 0xb0, 0xa8, 0x0d, 0xa0, 0x4b,
  0x19, 0xfe, 0x05, 0x99, 0x9a, 0x5a, 0xd7, 0x6c, 0xfa, 0xc0, 0x8b, 0x6e,
  0x91, 0xd2, 0x3e, 0x58, 0xd3, 0x8f, 0xaa, 0xc4, 0x86, 0xfb, 0x7d, 0x8d,
  0x89, 0x74, 0x25, 0xc1, 0xad, 0x97, 0xec, 0x44, 0xe2, 0x58, 0xf0, 0x14,
  0x91, 0x0d, 0xfc, 0xc9, 0xc2, 0xd9, 0x9a, 0xad, 0x31, 0x7e, 0xbb, 0xae,
  0x76, 0xf9, 0x84, 0xcd, 0x31, 0x77, 0x19, 0x1b, 0x10, 0xf9, 0x13, 0xc6,
  0x76, 0xb5, 0xdb, 0x25, 0xda, 0x59, 0xce, 0xb8, 0x87, 0x8e, 0x53, 0x63,
  0xdf, 0x5b, 0xf5, 0x62, 0xc0, 0x1c, 0xff, 0xb8, 0x7c, 0x20, 0x95, 0xe2
};

/* Example keys for ML-DSA-87 */

const uint8_t ml_dsa_87_public_key[2592] = {
  0x48, 0x66, 0x7a, 0xf3, 0x21, 0x73, 0x82, 0x2c, 0xa8, 0x0c, 0x36, 0xc7,
  0xc8, 0x67, 0xa3, 0x3c, 0x4e, 0x8c, 0x72, 0x09, 0xc4, 0xf0, 0x17, 0x06,
  0x1c, 0x3e, 0x77, 0x48, 0x15, 0xef, 0xec, 0xfe, 0x5c, 0x88, 0x63, 0xd3,
  0xcd, 0x4a, 0x12, 0xf1, 0x5a, 0x94, 0xf8, 0xc9, 0xf7, 0xac, 0xd2, 0x85,
  0x8e, 0x6c, 0xf1, 0x33, 0xec, 0x64, 0x13, 0x4c, 0x18, 0x70, 0x56, 0xdc,
  0x51, 0xef, 0x53, 0x04, 0x73, 0x51, 0x0f, 0x7f, 0x5d, 0x59, 0x3d, 0x0b,
  0xaf, 0x26, 0xcc, 0x01, 0xd1, 0xeb, 0x9f, 0x16, 0x95, 0x00, 0x20, 0x21,
  0x07, 0x34, 0xc5, 0x6f, 0x82, 0x2a, 0x34, 0xdc, 0x05, 0xd9, 0x84, 0x3f,
  0xbf, 0x32, 0xef, 0x86, 0x45, 0xff, 0x89, 0xe0, 0x46, 0x39, 0x69, 0x03,
  0x6b, 0x69, 0xf9, 0x87, 0x5f, 0x25, 0xaf, 0x96, 0x44, 0xc6, 0x0a, 0xb2,
  0x4a, 0x89, 0x1f, 0x7a, 0xd0, 0xe3, 0xdc, 0x0e, 0xca, 0xc7, 0x2f, 0xb9,
  0x62, 0x70, 0x15, 0x39, 0x43, 0x5a, 0xb8, 0x3f, 0xa1, 0x41, 0x2f, 0x8f,
  0x1b, 0x52, 0xe6, 0x55, 0x3e, 0x6a, 0x4c, 0xbb, 0x8d, 0x76, 0x61, 0xaf,
  0xd8, 0xf6, 0x52, 0xe1, 0x2c, 0xfb, 0x31, 0x76, 0x5a, 0x0e, 0x5b, 0x3c,
  0xb7, 0x83, 0x50, 0x91, 0x23, 0x6f, 0xb8, 0x2f, 0xbb, 0x54, 0x2a, 0x28,
  0x7b, 0x84, 0x69, 0x39, 0x2a, 0x83, 0xb6, 0x0f, 0x57, 0x93, 0x13, 0x87,
  0xad, 0x49, 0x5d, 0xa4, 0xe0, 0x4a, 0x18, 0x62, 0x8a, 0x1e, 0x62, 0x63,
  0x19, 0x89, 0x2b, 0x1d, 0xb2, 0xc4, 0x13, 0x8d, 0x76, 0xb7, 0xd2, 0x44,
  0x1f, 0x4e, 0x63, 0x48, 0xc3, 0x67, 0xd5, 0x0a, 0xda, 0x78, 0xcc, 0xcb,
  0x9c, 0x5c, 0x0d, 0x22, 0x56, 0x64, 0xae, 0x08, 0xee, 0xa5, 0x0b, 0x86,
  0x29, 0x7c, 0x7f, 0x6a, 0xd5, 0x4a, 0x20, 0xbc, 0x7a, 0xaa, 0x56, 0x72,
  0x93, 0x49, 0x8e, 0xbc, 0xfe, 0x81, 0xce, 0xed, 0xd8, 0xc4, 0xcc, 0x4b,
  0x6c, 0x25, 0x97, 0x44, 0xfd, 0xd8, 0x19, 0xb8, 0xf2, 0x52, 0xd1, 0xb6,
  0xdc, 0xf4, 0x2f, 0xe1, 0xae, 0x20, 0x6a, 0xf0, 0x0a, 0x5b, 0xbb, 0x45,
  0x6b, 0xfd, 0x3b, 0x41, 0xdf, 0x1c, 0x71, 0xb8, 0x90, 0x08, 0xba, 0x59,
  0x13, 0x30, 0x16, 0x08, 0x1d, 0xa0, 0x0c, 0x29, 0x29, 0x18, 0xa6, 0xcc,
  0xca, 0xd0, 0xdf, 0x28, 0x43, 0x72, 0x0b, 0x56, 0x29, 0x1b, 0xf0, 0x5f,
  0x32, 0x48, 0xc5, 0xb8, 0x1c, 0xd4, 0xf9, 0x14, 0x54, 0xdb, 0x02, 0x1f,
  0x70, 0x80, 0xe5, 0x7f, 0x60, 0x51, 0x4c, 0xe9, 0xba, 0xef, 0x07, 0x57,
  0x38, 0xa4, 0x5f, 0xcc, 0x2b, 0x08, 0x36, 0x36, 0xdc, 0x56, 0x59, 0x31,
  0x8a, 0x98, 0x88, 0x64, 0xa9, 0x09, 0x6f, 0x6f, 0xc7, 0xb2, 0x10, 0xb7,
  0x4d, 0x6e, 0x44, 0x0a, 0x8c, 0xeb, 0x89, 0x73, 0x3b, 0x3d, 0x0a, 0x72,
  0x2a, 0x87, 0x00, 0x6a, 0xb1, 0xfe, 0x0f, 0x25, 0x59, 0xf5, 0x48, 0x63,
  0x20, 0x7f, 0x73, 0x9b, 0xcd, 0xdc, 0x97, 0x04, 0xc5, 0x8e, 0x23, 0x18,
  0xad, 0xa8, 0x66, 0xbc, 0x4b, 0x2e, 0x57, 0x76, 0xdb, 0xb2, 0x99, 0x9e,
  0xac, 0xda, 0xca, 0x70, 0x0c, 0x29, 0x70, 0x56, 0x80, 0x79, 0xd5, 0x4c,
  0xf1, 0x81, 0x1c, 0x23, 0xf6, 0x7f, 0xfb, 0x2d, 0xe8, 0x39, 0x50, 0x81,
  0x25, 0x20, 0x43, 0x03, 0xd8, 0x08, 0xc3, 0x82, 0x5d, 0x20, 0x98, 0x79,
  0xd3, 0x96, 0x19, 0x50, 0xdf, 0xe9, 0x73, 0x9b, 0x88, 0x73, 0xa8, 0xef,
  0x5d, 0xec, 0xce, 0xde, 0xd9, 0x05, 0x8e, 0xdd, 0x64, 0xa1, 0x71, 0xd8,
  0xe6, 0x29, 0x65, 0x81, 0xad, 0xd2, 0x63, 0x94, 0x59, 0xbd, 0x26, 0x5b,
  0x24, 0x96, 0x2e, 0x52, 0xaa, 0x88, 0xaa, 0x59, 0x90, 0x94, 0x0f, 0xc0,
  0x40, 0xf6, 0xf9, 0x58, 0xcc, 0xe3, 0xbb, 0xf3, 0x4a, 0x7a, 0x2d, 0x6b,
  0x0e, 0x66, 0x48, 0x34, 0x38, 0xa3, 0x92, 0xef, 0xaf, 0xf4, 0x83, 0x8d,
  0x7b, 0x91, 0xcb, 0x76, 0x7c, 0x77, 0xaf, 0xa5, 0x94, 0xb6, 0x96, 0x47,
  0xcf, 0x8d, 0xea, 0x38, 0xd9, 0xbd, 0x5c, 0x0c, 0xf9, 0x86, 0x21, 0x92,
  0x16, 0xac, 0x4c, 0xbd, 0x13, 0x4b, 0x27, 0xaf, 0x61, 0x86, 0xdb, 0x11,
  0xe9, 0x82, 0x85, 0x7f, 0xad, 0xc2, 0x52, 0x39, 0xe6, 0x97, 0xa9, 0xd4,
  0x98, 0xc5, 0xa7, 0x49, 0x0f, 0x4f, 0x76, 0x43, 0x43, 0xb0, 0x68, 0xc7,
  0x0d, 0x64, 0x90, 0x63, 0xdf, 0xbd, 0xf3, 0x3a, 0xd6, 0xea, 0x22, 0x2d,
  0xd2, 0x08, 0x56, 0x7a, 0x72, 0x7c, 0x0f, 0xec, 0x2b, 0xbe, 0x94, 0xc2,
  0xa0, 0xf4, 0x22, 0xe0, 0x1d, 0x63, 0xac, 0x10, 0x76, 0x14, 0xa6, 0xe5,
  0x23, 0xd9, 0x57, 0x25, 0xbb, 0x46, 0xad, 0x0d, 0x5e, 0xae, 0x81, 0x50,
  0x6d, 0x59, 0x35, 0x30, 0x64, 0xbc, 0xfc, 0xa5, 0x01, 0x13, 0xe0, 0xd1,
  0x5b, 0x09, 0x0d, 0x49, 0xbd, 0x40, 0xd5, 0x06, 0x1a, 0x2f, 0x95, 0xf1,
  0x6c, 0xd8, 0x9e, 0xd1, 0x4e, 0x56, 0x36, 0x05, 0x55, 0xe1, 0x40, 0xf8,
  0xe4, 0x2c, 0x65, 0x4f, 0xef, 0x47, 0x34, 0x85, 0xbb, 0x77, 0x85, 0x2d,
  0x1c, 0xcc, 0x07, 0x66, 0x53, 0xc2, 0xcd, 0xd4, 0x5d, 0x5d, 0xe4, 0x29,
  0xf1, 0x32, 0x90, 0xe8, 0xc3, 0x91, 0x01, 0x3b, 0xe1, 0x6b, 0x12, 0xa3,
  0x31, 0x35, 0x5f, 0x22, 0x63, 0xd3, 0xab, 0x18, 0x24, 0xc9, 0x5b, 0xee,
  0x38, 0x85, 0xfa, 0xcd, 0x64, 0x3d, 0x64, 0x97, 0x34, 0xe4, 0x32, 0xff,
  0x4e, 0x58, 0x3d, 0x44, 0x0e, 0x7c, 0x0a, 0x54, 0x95, 0x2d, 0x8a, 0x3f,
  0xf2, 0x7a, 0xb2, 0x77, 0x08, 0xa3, 0x05, 0xb6, 0x27, 0x6b, 0x8a, 0x09,
  0x87, 0x5d, 0x76, 0x5e, 0xc9, 0xb0, 0xf7, 0x2b, 0x2c, 0xc7, 0xf6, 0x0b,
  0xd2, 0x40, 0xf1, 0x0b, 0x9d, 0xdf, 0x5c, 0x6d, 0x25, 0xed, 0x26, 0x06,
  0x78, 0x08, 0x84, 0x38, 0xd5, 0x66, 0x9f, 0x6b, 0xb6, 0x34, 0xe6, 0x70,
  0x40, 0x30, 0x88, 0x05, 0xd3, 0xf8, 0xe4, 0x6e, 0x09, 0xa0, 0x14, 0xe9,
  0x1a, 0xc5, 0x74, 0x51, 0x67, 0x30, 0x8c, 0x13, 0x6d, 0x01, 0x5d, 0x53,
  0x7b, 0xb0, 0x55, 0x95, 0xbb, 0xff, 0xde, 0x47, 0x64, 0xd7, 0xea, 0x8b,
  0x5f, 0x39, 0x79, 0x63, 0xe1, 0xa2, 0x3d, 0x29, 0x24, 0x76, 0xd3, 0xe2,
  0xe2, 0x54, 0x06, 0x49, 0x44, 0x47, 0xa2, 0x09, 0x00, 0xc2, 0xec, 0xcf,
  0xc7, 0x3d, 0xfb, 0xb2, 0xff, 0x9d, 0x6d, 0x71, 0x09, 0x0d, 0x1a, 0xb1,
  0x54, 0x73, 0x1e, 0x69, 0xc9, 0x91, 0x09, 0xdf, 0xd7, 0x5a, 0x24, 0x7b,
  0xb5, 0xba, 0xc1, 0x96, 0x02, 0x13, 0x02, 0x9d, 0x94, 0xb6, 0x64, 0xf8,
  0x0e, 0x4f, 0xf3, 0xbc, 0xc6, 0x5a, 0x7d, 0x3f, 0xa2, 0xd2, 0x00, 0x4c,
  0x1e, 0x5c, 0xf8, 0xdd, 0x2d, 0x6f, 0x73, 0xdb, 0xa6, 0xe8, 0x78, 0x37,
  0xc2, 0x25, 0xf7, 0xd2, 0x20, 0xf4, 0xf0, 0x10, 0xaf, 0xee, 0xf9, 0xe4,
  0x72, 0xd4, 0x54, 0x7a, 0x7d, 0xe0, 0xa4, 0x98, 0x59, 0x1a, 0x9a, 0x53,
  0x39, 0x89, 0x75, 0x2a, 0x3e, 0xf4, 0xe7, 0x47, 0x82, 0x6c, 0x64, 0xc9,
  0x31, 0xda, 0x49, 0x7d, 0x97, 0xe6, 0x22, 0x8e, 0xac, 0x60, 0x84, 0x22,
  0xb8, 0xed, 0xae, 0x0e, 0xd6, 0x22, 0x3e, 0xe8, 0x74, 0xe7, 0x65, 0x1d,
  0x67, 0x72, 0x62, 0xab, 0xd7, 0x56, 0x0a, 0x32, 0xc2, 0xd6, 0xe9, 0x71,
  0xdb, 0xd0, 0xa1, 0x44, 0x30, 0xa7, 0xc9, 0x2b, 0xf2, 0xb6, 0xae, 0x52,
  0xf0, 0xfd, 0xce, 0xae, 0x0a, 0x04, 0x4a, 0x03, 0x8f, 0x3d, 0xa8, 0x46,
  0x37, 0x8f, 0x90, 0x93, 0x24, 0x13, 0x21, 0xcd, 0x36, 0x0d, 0x05, 0x2c,
  0x6e, 0x15, 0x9b, 0xe7, 0x84, 0xd5, 0x19, 0xb3, 0x27, 0x23, 0x0c, 0x0d,
  0x80, 0x9a, 0xcb, 0xf3, 0xce, 0xe2, 0x0b, 0x19, 0xdf, 0x9c, 0x67, 0x6a,
  0x9f, 0xa8, 0x39, 0x8d, 0xec, 0x16, 0x18, 0x66, 0x13, 0xf4, 0xc3, 0x7e,
  0x7d, 0xd5, 0x19, 0x9f, 0xd1, 0xf6, 0x7b, 0x72, 0x3d, 0x74, 0x87, 0x42,
  0x49, 0x84, 0xf1, 0x09, 0xf8, 0xfd, 0xbc, 0xf7, 0xd5, 0xab, 0x74, 0xf2,
  0x6c, 0xa8, 0x36, 0x8a, 0xb7, 0x56, 0xa7, 0xc7, 0x2c, 0xb0, 0x90, 0x53,
  0x53, 0x82, 0x71, 0xcc, 0xd2, 0xc1, 0x12, 0x96, 0x97, 0x74, 0x8f, 0xeb,
  0xc7, 0xde, 0x19, 0xd6, 0x8c, 0x1f, 0x90, 0x11, 0xca, 0x83, 0x31, 0x6d,
  0x16, 0xc4, 0x74, 0xa1, 0x90, 0x39, 0x61, 0x57, 0x93, 0xb9, 0x01, 0xf4,
  0x05, 0x35, 0xfb, 0x2f, 0x49, 0x53, 0x1d, 0xf6, 0x52, 0x10, 0x6f, 0x4e,
  0x3c, 0x54, 0x44, 0x34, 0x4c, 0x4e, 0xc5, 0x4a, 0x6d, 0xb8, 0xff, 0xc6,
  0xe8, 0x84, 0xfc, 0xca, 0x4c, 0xed, 0x9f, 0xed, 0x6a, 0xe3, 0x87, 0x3a,
  0x20, 0xf8, 0xff, 0x83, 0xcf, 0x96, 0x57, 0x6b, 0xc7, 0x3c, 0x40, 0x4d,
  0xd9, 0xab, 0x13, 0x50, 0x7c, 0x5f, 0xe7, 0x2a, 0x56, 0xea, 0xe3, 0x4b,
  0x39, 0xf7, 0x41, 0x2a, 0xa9, 0x29, 0x41, 0x50, 0xa1, 0x42, 0x1e, 0x86,
  0xf7, 0x0a, 0x64, 0x26, 0x85, 0xa5, 0x9b, 0xfd, 0xe1, 0xdc, 0x8d, 0x86,
  0x8f, 0xf1, 0xa1, 0x1d, 0xb2, 0x75, 0x6f, 0xde, 0x1a, 0x3d, 0x63, 0x22,
  0x40, 0x3b, 0x1a, 0x06, 0xd5, 0xc6, 0x4a, 0xe3, 0x96, 0x31, 0xf6, 0x05,
  0x80, 0x63, 0x2b, 0x99, 0x38, 0xe9, 0x8f, 0x9b, 0x88, 0x2e, 0xe9, 0x14,
  0x91, 0xa9, 0xc3, 0x5d, 0x33, 0xc8, 0xc8, 0xbf, 0x58, 0x62, 0xf7, 0xd0,
  0xd1, 0x7f, 0x0b, 0xe3, 0x4f, 0xb0, 0x93, 0xf1, 0xb9, 0xf4, 0x4a, 0xf0,
  0xfb, 0x87, 0xce, 0x3b, 0x7b, 0xe8, 0x6d, 0xf5, 0xab, 0xdb, 0x66, 0x39,
  0x0f, 0xa4, 0x9b, 0x5d, 0x6b, 0xc4, 0x67, 0x41, 0x82, 0x25, 0x78, 0x6c,
  0x26, 0x63, 0xbb, 0x1a, 0x85, 0xdf, 0xb6, 0x71, 0xec, 0x92, 0x43, 0x34,
  0x63, 0xaf, 0xdd, 0xd7, 0x84, 0x0f, 0xd5, 0x4f, 0x4f, 0x47, 0x78, 0x8a,
  0x5d, 0xfa, 0xf2, 0x7b, 0x6d, 0x18, 0x15, 0x34, 0x47, 0x5e, 0x06, 0xe5,
  0x65, 0x07, 0x95, 0xf8, 0x03, 0x88, 0x25, 0x8a, 0xe7, 0x0b, 0xa3, 0xaf,
  0x38, 0x72, 0xa1, 0xc2, 0x90, 0x76, 0x6a, 0x30, 0x7f, 0x4a, 0x36, 0x95,
  0x80, 0x92, 0x84, 0x52, 0xe9, 0x9f, 0x2c, 0x95, 0x98, 0x04, 0x37, 0x34,
  0x8c, 0x91, 0x4f, 0xdf, 0x04, 0x49, 0xc6, 0x6b, 0x4e, 0xe8, 0xd3, 0x81,
  0x46, 0x0e, 0x01, 0x83, 0x52, 0xd9, 0x37, 0xb3, 0x56, 0xe9, 0x9c, 0x8b,
  0x73, 0x84, 0x40, 0x0e, 0xc6, 0xa7, 0xf2, 0xbf, 0x60, 0x76, 0xa1, 0xee,
  0x75, 0x45, 0x45, 0xdd, 0x07, 0x0f, 0x16, 0x49, 0xe8, 0xba, 0x50, 0x18,
  0x32, 0xa4, 0xfd, 0x65, 0xd0, 0xbe, 0x36, 0x58, 0x98, 0x08, 0xe6, 0x85,
  0xd2, 0x32, 0xab, 0x56, 0x90, 0xce, 0xe6, 0xf3, 0x33, 0x36, 0x20, 0x42,
  0x78, 0xc2, 0xf5, 0x94, 0x34, 0xe8, 0x6d, 0x1b, 0x38, 0x70, 0xc1, 0x75,
  0x2b, 0xc2, 0x72, 0x0d, 0x5e, 0x01, 0x2c, 0xba, 0x82, 0xa4, 0x9b, 0x7d,
  0xf7, 0x9f, 0x75, 0x5b, 0xe9, 0x65, 0xe3, 0x26, 0xc8, 0x0e, 0xf6, 0x84,
  0x08, 0xb3, 0xd8, 0xc3, 0x67, 0x64, 0xbf, 0x96, 0x02, 0xe2, 0x27, 0x30,
  0x63, 0xd6, 0x83, 0xb1, 0x05, 0x2d, 0x75, 0x27, 0x78, 0x34, 0x9f, 0x45,
  0xf6, 0x37, 0xe5, 0x7e, 0x1c, 0xe4, 0x2d, 0xba, 0x8f, 0x9a, 0x70, 0x04,
  0x26, 0xc5, 0x33, 0x2d, 0xb8, 0xe9, 0x8f, 0x13, 0xe2, 0x09, 0x50, 0xe3,
  0xa3, 0x7e, 0x5d, 0x1a, 0x71, 0xa6, 0xaa, 0xb2, 0xf5, 0x21, 0xbe, 0xeb,
  0xae, 0xe9, 0x2f, 0x7f, 0x7c, 0x4d, 0x51, 0xc2, 0xf5, 0xe8, 0x46, 0x65,
  0x68, 0x2e, 0xb6, 0x3c, 0x9c, 0xcc, 0xb6, 0x6b, 0x15, 0xdf, 0x91, 0xf1,
  0x92, 0x1b, 0x74, 0xc5, 0xfa, 0x88, 0x4e, 0x86, 0x28, 0xf6, 0x80, 0x1d,
  0x83, 0x7e, 0xd1, 0x45, 0xd6, 0x7b, 0xd8, 0x2d, 0x15, 0x09, 0x9c, 0x74,
  0xa0, 0x1d, 0xfd, 0x9f, 0x75, 0x22, 0x55, 0x62, 0x14, 0x71, 0xd0, 0x78,
  0x70, 0x24, 0xdf, 0x91, 0xb9, 0x0f, 0xfa, 0xfd, 0x59, 0x09, 0x86, 0x0a,
  0x0b, 0x7f, 0xc6, 0x77, 0x60, 0x71, 0x0b, 0x6a, 0x2c, 0x60, 0xfd, 0x57,
  0xa6, 0x74, 0x3e, 0xeb, 0x9a, 0xcb, 0x2d, 0x84, 0xed, 0xe2, 0x97, 0xfb,
  0x4e, 0x2d, 0xa5, 0xb6, 0x39, 0x77, 0xab, 0x92, 0x75, 0xd1, 0x0b, 0x1c,
  0x1f, 0x0c, 0x44, 0xa1, 0x7f, 0xdc, 0x11, 0xdb, 0xe6, 0x04, 0x00, 0x06,
  0x49, 0x6f, 0x2b, 0x23, 0x7f, 0x5b, 0x92, 0x6e, 0x47, 0xf7, 0x9b, 0xb8,
  0x30, 0xdf, 0x7e, 0xf0, 0x64, 0x8a, 0x29, 0xf8, 0xdc, 0x74, 0x97, 0x30,
  0x87, 0xa4, 0x71, 0xcc, 0x45, 0x49, 0x76, 0x61, 0xda, 0x55, 0x40, 0xc5,
  0x7a, 0xfe, 0x47, 0xb4, 0x87, 0x9c, 0x6e, 0xe3, 0xb8, 0x5e, 0xc9, 0xa9,
  0x9e, 0x2d, 0x05, 0xe0, 0x4f, 0x4a, 0xd0, 0x72, 0x9c, 0xe6, 0xd2, 0x86,
  0x13, 0xb2, 0x4c, 0xdf, 0xd0, 0x23, 0xb4, 0xf9, 0xe7, 0x7e, 0x86, 0xd1,
  0x56, 0x8c, 0x48, 0xf1, 0xaa, 0xf2, 0xa6, 0x5a, 0xde, 0xde, 0x78, 0xe6,
  0xc4, 0xc7, 0x7e, 0x7e, 0x74, 0x61, 0x33, 0x97, 0x1d, 0x92, 0x3e, 0xc9,
  0x20, 0x2c, 0x43, 0x5a, 0xb3, 0xc1, 0x82, 0x37, 0xfe, 0x6f, 0x45, 0x95,
  0x25, 0xd5, 0x42, 0x09, 0x5b, 0x4e, 0x70, 0xeb, 0x17, 0xed, 0x9b, 0x99,
  0x02, 0x37, 0x6a, 0xb9, 0xb6, 0x70, 0xd8, 0x08, 0x7b, 0x17, 0xef, 0x9c,
  0x77, 0xd8, 0x8f, 0x24, 0xe9, 0x60, 0xe1, 0x0b, 0x4c, 0x5e, 0xf1, 0xb2,
  0xf7, 0x36, 0x49, 0x64, 0x96, 0x4d, 0x56, 0xdc, 0x1f, 0x0d, 0x8b, 0xd9,
  0xf1, 0x56, 0x54, 0xd2, 0x35, 0xad, 0x4b, 0x27, 0x30, 0x75, 0x90, 0x64,
  0x0e, 0xef, 0xd4, 0xbd, 0x11, 0x68, 0x9c, 0xb9, 0x2f, 0xac, 0x14, 0xa8,
  0xbb, 0x6d, 0x65, 0x96, 0x5c, 0xde, 0x62, 0xe3, 0xfa, 0xf0, 0x56, 0xbe,
  0x09, 0xb7, 0xc0, 0x3b, 0x46, 0xf5, 0xe0, 0xce, 0x5b, 0xc3, 0x96, 0x72,
  0x0c, 0xa6, 0xdf, 0xc1, 0x32, 0x51, 0x9f, 0x41, 0xa3, 0xbe, 0x4a, 0x97,
  0x6e, 0x94, 0x9c, 0x3e, 0x53, 0xd6, 0xf8, 0xb1, 0xb1, 0x4d, 0xb4, 0x4c,
  0x9f, 0x36, 0x3e, 0x64, 0x68, 0x2c, 0x02, 0xfd, 0xec, 0xa6, 0x12, 0xfc,
  0x29, 0x60, 0x7f, 0x3f, 0xc2, 0xa4, 0xe5, 0xac, 0x4d, 0xb3, 0xd3, 0xe7,
  0x75, 0x83, 0xf5, 0xc3, 0x6c, 0xa6, 0x04, 0xca, 0xbd, 0x61, 0x0b, 0x60,
  0x56, 0xab, 0x4f, 0x6d, 0x75, 0xdc, 0x5f, 0x81, 0xca, 0x3a, 0x1b, 0x74,
  0x97, 0x77, 0x8e, 0x02, 0xc0, 0x76, 0x9f, 0x23, 0x04, 0x60, 0x08, 0x1e,
  0xa9, 0x79, 0x32, 0xfc, 0xb7, 0xca, 0xea, 0x91, 0x6d, 0x82, 0x72, 0x70,
  0xa4, 0x04, 0x53, 0xae, 0x33, 0xc1, 0x71, 0x8d, 0xc1, 0xf3, 0x17, 0x20,
  0x13, 0x1d, 0xb3, 0x17, 0x76, 0x0e, 0x49, 0xee, 0xaf, 0x2f, 0xab, 0xb2,
  0x70, 0xe4, 0xbf, 0x55, 0xe4, 0xab, 0x0a, 0x3b, 0x77, 0x25, 0xc2, 0x45,
  0x3c, 0x5e, 0x44, 0x66, 0x43, 0x1c, 0xf9, 0xc0, 0xf9, 0x4c, 0xb7, 0x61,
  0x7e, 0xf0, 0x35, 0xc9, 0x00, 0xcb, 0xb3, 0x92, 0xdc, 0x1a, 0xda, 0x27,
  0x4a, 0xbd, 0xed, 0x3d, 0x5a, 0x51, 0x0c, 0xb1, 0xa6, 0xd2, 0xd0, 0x5b,
  0x99, 0xf3, 0x91, 0x43, 0x30, 0xe6, 0xca, 0xba, 0x55, 0x36, 0x93, 0xbb,
  0x41, 0x75, 0xff, 0xfc, 0xf9, 0x72, 0x0b, 0x4a, 0x97, 0x8a, 0xc1, 0xf8,
  0xee, 0x3c, 0x1e, 0x81, 0x38, 0x7f, 0xd0, 0xd3, 0x1b, 0x92, 0xb6, 0x0e,
  0x6f, 0x1d, 0x88, 0xdb, 0x4f, 0x38, 0x42, 0x67, 0x3a, 0x2b, 0x1e, 0xa3,
  0xa5, 0x0a, 0x69, 0x00, 0xb3, 0x57, 0xbf, 0x09, 0x73, 0x3e, 0xfd, 0x29,
  0xc8, 0x78, 0x78, 0xb3, 0x36, 0x27, 0xae, 0xd7, 0xbf, 0xbe, 0xdc, 0xa2,
  0x85, 0xdc, 0x7a, 0x4d, 0x4c, 0x68, 0xca, 0x24, 0x77, 0x64, 0x88, 0x77,
  0x00, 0xf4, 0x7e, 0x4e, 0xba, 0x62, 0x02, 0xc5, 0xeb, 0x8d, 0x73, 0xda,
  0x21, 0x6a, 0xa5, 0xca, 0xa1, 0xf6, 0x34, 0xd5, 0x8e, 0xdc, 0x20, 0xbf,
  0x9f, 0x0c, 0xec, 0x87, 0xb8, 0xae, 0x69, 0xaf, 0x01, 0x7c, 0x1e, 0xff,
  0xdc, 0xdf, 0x9c, 0xba, 0x43, 0xa8, 0xad, 0x34, 0xa1, 0xfd, 0xcd, 0xfc,
  0x9f, 0xea, 0x64, 0xaa, 0x69, 0x0f, 0xcc, 0x1d, 0x11, 0xfb, 0x84, 0x3f,
  0xe7, 0xb0, 0xd2, 0xbd, 0xb2, 0x2e, 0xbf, 0x4d, 0xd5, 0xa2, 0xec, 0x3f,
  0x2a, 0xf5, 0x9d, 0x77, 0x00, 0x5e, 0x03, 0xfc, 0xbc, 0x15, 0x45, 0x3e,
  0x41, 0xf2, 0x48, 0xc9, 0x91, 0x4a, 0x1e, 0x4a, 0xe3, 0x18, 0x54, 0x81,
  0x57, 0x32, 0x71, 0xfe, 0x25, 0x05, 0x49, 0x32, 0xdf, 0xa0, 0x2b, 0x57,
  0x61, 0x3a, 0xaa, 0x14, 0x5c, 0x86, 0xf4, 0xb4, 0x24, 0xe9, 0x65, 0xb2,
  0xf8, 0xfe, 0x43, 0xf5, 0xbe, 0x37, 0x40, 0xa0, 0x90, 0x21, 0x94, 0x84,
  0x22, 0x1d, 0xf0, 0x40, 0x24, 0xbb, 0xbf, 0xcc, 0xd4, 0x73, 0x7d, 0x2e,
  0xbb, 0x2c, 0x8e, 0xb6, 0x7c, 0x28, 0x7f, 0xbd, 0x1e, 0x8f, 0x25, 0x8c,
  0x12, 0x4c, 0x67, 0x9e, 0x57, 0x68, 0x7f, 0x66, 0xe0, 0xc8, 0xba, 0x4b,
  0xf9, 0xb5, 0x84, 0x7e, 0x75, 0x17, 0x5c, 0xd7, 0xca, 0x62, 0x66, 0x6f,
  0x3b, 0x01, 0xfe, 0x3a, 0xc2, 0xf4, 0x34, 0x13, 0x92, 0xaf, 0x3f, 0xa6,
  0x35, 0xde, 0x6b, 0x76, 0x71, 0x52, 0x43, 0x14, 0xa4, 0xaa, 0xb0, 0xfc,
  0xa4, 0x9f, 0x92, 0xb6, 0xd5, 0xc2, 0x63, 0x4b, 0x05, 0x0b, 0xaf, 0xd4,
  0x31, 0xce, 0xbe, 0xa1, 0xde, 0xd7, 0xe4, 0x7a, 0x49, 0xdf, 0xb7, 0x3e,
  0xac, 0x24, 0x0d, 0x5d, 0x9d, 0xe8, 0xe2, 0x2d, 0x2b, 0xd9, 0x7c, 0x70,
  0x8e, 0x53, 0xfa, 0x13, 0x42, 0x70, 0x4f, 0x6a, 0x92, 0x9a, 0x39, 0x2c,
  0x6e, 0x9a, 0xae, 0x7e, 0x19, 0xa0, 0x0a, 0xa7, 0x5d, 0x84, 0x74, 0xb9,
  0xa9, 0xda, 0xb8, 0xeb, 0x6d, 0xf6, 0xac, 0xbc, 0xc9, 0xb4, 0x74, 0x0a,
  0xd6, 0xa1, 0x1f, 0x1e, 0xcc, 0x63, 0x3f, 0xf9, 0x00, 0x2a, 0xe7, 0x22,
  0x8e, 0x12, 0xd7, 0x7f, 0xd8, 0x82, 0xd5, 0x0c, 0x51, 0xee, 0xc6, 0x84,
  0xc3, 0x69, 0xc7, 0x18, 0x74, 0xe8, 0xcc, 0x7e, 0xc3, 0x15, 0x4b, 0x67,
  0x5c, 0x0c, 0x3e, 0x40, 0xd1, 0xc5, 0x30, 0xbd, 0xaf, 0x77, 0xca, 0xc3,
  0x5a, 0xe6, 0x4c, 0x1e, 0x27, 0x98, 0x12, 0x25, 0xd6, 0x27, 0x84, 0xd0,
  0x05, 0x50, 0xcd, 0xd4, 0x51, 0xdc, 0xf6, 0xd9, 0x61, 0x38, 0xb4, 0x2c,
  0xc9, 0x2a, 0xab, 0x6f, 0xc2, 0x1f, 0xdb, 0xe6, 0xcc, 0xa0, 0x50, 0x22,
  0xe9, 0x5c, 0x9c, 0xe7, 0xf7, 0xdf, 0x60, 0xb4, 0xdf, 0x13, 0xfe, 0xf6,
  0x9d, 0x69, 0x2e, 0x64, 0x95, 0x25, 0x8a, 0xcb, 0xef, 0x90, 0xf4, 0x0e,
  0x47, 0xf9, 0x2d, 0x42, 0x38, 0x30, 0x6a, 0x3a, 0xb4, 0xaf, 0xc6, 0x52,
  0x4f, 0x9f, 0x81, 0x3c, 0x69, 0xf2, 0x9e, 0xf6, 0xec, 0x35, 0xd3, 0x66,
  0x08, 0xab, 0xdc, 0xc7, 0x46, 0x88, 0xc3, 0x66, 0x90, 0xd1, 0x6d, 0xa3,
  0xf0, 0x25, 0x9a, 0x26, 0xaa, 0x7c, 0xcc, 0xef, 0xa6, 0x4e, 0xad, 0xc5,
  0x8b, 0x22, 0x44, 0xda, 0x59, 0xd9, 0xe6, 0xae, 0x45, 0x64, 0x35, 0x81,
  0x59, 0xc4, 0x91, 0x11, 0x93, 0x76, 0xed, 0x88, 0x78, 0x69, 0x69, 0xc7,
  0xd3, 0x1e, 0x05, 0xd4, 0x5a, 0xff, 0xde, 0x50, 0x36, 0x8c, 0x98, 0x61,
  0xf2, 0xcd, 0x02, 0x19, 0x82, 0x92, 0x06, 0xd2, 0xdb, 0x56, 0xf4, 0x1f
};

const uint8_t ml_dsa_87_private_key[4896] = {
  0x48, 0x66, 0x7a, 0xf3, 0x21, 0x73, 0x82, 0x2c, 0xa8, 0x0c, 0x36, 0xc7,
  0xc8, 0x67, 0xa3, 0x3c, 0x4e, 0x8c, 0x72, 0x09, 0xc4, 0xf0, 0x17, 0x06,
  0x1c, 0x3e, 0x77, 0x48, 0x15, 0xef, 0xec, 0xfe, 0xb4, 0x81, 0x6c, 0x5c,
  0x98, 0x10, 0xb0, 0x3d, 0x0f, 0xdb, 0x14, 0x3f, 0xc3, 0xf5, 0x88, 0x0a,
  0xeb, 0x73, 0x25, 0x1f, 0xa9, 0x24, 0x9d, 0xb5, 0x1f, 0xc3, 0x4d, 0xa4,
  0x05, 0xdd, 0x82, 0xa5, 0xc7, 0x51, 0x10, 0x49, 0xe9, 0xec, 0x28, 0x90,
  0x83, 0x21, 0x33, 0xdd, 0xbd, 0xe6, 0x31, 0x95, 0x65, 0x37, 0x3a, 0xf1,
  0x66, 0xec, 0x3b, 0x9d, 0xfc, 0x34, 0xb6, 0x07, 0xee, 0x76, 0x16, 0x2f,
  0xf0, 0x38, 0x23, 0x6f, 0x61, 0xc3, 0x78, 0x24, 0x9c, 0x48, 0x20, 0x84,
  0x14, 0xfe, 0x4e, 0x1c, 0xf9, 0x01, 0x98, 0x47, 0x1b, 0x1b, 0x5f, 0xf7,
  0x6f, 0x52, 0x4b, 0x77, 0x2a, 0x12, 0x3c, 0xfa, 0x89, 0x30, 0x8d, 0x94,
  0xc6, 0x28, 0x8a, 0x36, 0x6e, 0x4c, 0x46, 0x4c, 0xe2, 0x16, 0x25, 0x1b,
  0x26, 0x71, 0x0a, 0x03, 0x2c, 0x03, 0x29, 0x20, 0xc0, 0x80, 0x31, 0x22,
  0xa0, 0x8c, 0x01, 0x28, 0x10, 0x03, 0xb6, 0x00, 0x11, 0x17, 0x2a, 0xd3,
  0xb2, 0x90, 0x50, 0xc4, 0x71, 0x4a, 0x48, 0x82, 0x44, 0x98, 0x20, 0xc2,
  0x48, 0x0c, 0xa4, 0x94, 0x05, 0x4c, 0xc2, 0x80, 0x5a, 0x46, 0x0c, 0xa0,
  0x30, 0x40, 0x5a, 0x10, 0x31, 0x53, 0x24, 0x22, 0x19, 0xb8, 0x6d, 0x84,
  0x80, 0x81, 0x50, 0x10, 0x8e, 0x9a, 0x00, 0x06, 0x1c, 0xb6, 0x6c, 0x04,
  0x07, 0x24, 0x93, 0x34, 0x62, 0x14, 0xa9, 0x41, 0x98, 0x20, 0x21, 0xd1,
  0x96, 0x00, 0xdc, 0xc4, 0x84, 0x41, 0x16, 0x65, 0x00, 0x29, 0x30, 0xc1,
  0x08, 0x44, 0x01, 0x47, 0x6d, 0xc1, 0x20, 0x2c, 0x12, 0xb8, 0x81, 0x59,
  0x34, 0x50, 0x1c, 0xc6, 0x31, 0x48, 0x28, 0x42, 0xda, 0x30, 0x0d, 0x1a,
  0xb7, 0x40, 0x0b, 0x94, 0x6c, 0xe3, 0x12, 0x30, 0xdc, 0x24, 0x82, 0xc8,
  0x40, 0x01, 0xe1, 0xa2, 0x71, 0x1c, 0x00, 0x08, 0x98, 0x44, 0x11, 0xca,
  0x02, 0x2a, 0x12, 0x22, 0x11, 0x52, 0x36, 0x4d, 0x10, 0xb3, 0x44, 0xa4,
  0x48, 0x82, 0x23, 0x15, 0x4c, 0x84, 0x20, 0x85, 0xe4, 0xc2, 0x01, 0x18,
  0x45, 0x2d, 0x43, 0x86, 0x01, 0x41, 0x90, 0x64, 0xe2, 0x34, 0x2a, 0x5a,
  0x04, 0x46, 0x00, 0xc3, 0x4d, 0x43, 0x38, 0x05, 0x21, 0xb0, 0x05, 0xd9,
  0x46, 0x65, 0x42, 0x28, 0x42, 0x13, 0xb5, 0x20, 0x44, 0x32, 0x8a, 0x13,
  0x95, 0x65, 0x91, 0xb2, 0x08, 0xa2, 0xa8, 0x71, 0xd4, 0x96, 0x89, 0xe1,
  0x44, 0x6d, 0x20, 0xa4, 0x80, 0xd9, 0x98, 0x05, 0x1b, 0x03, 0x51, 0x92,
  0x12, 0x2e, 0x22, 0x13, 0x6a, 0x48, 0x96, 0x10, 0x90, 0x94, 0x20, 0xc1,
  0x38, 0x0a, 0xcb, 0xb8, 0x45, 0x18, 0x33, 0x64, 0x8c, 0x98, 0x80, 0xd8,
  0x86, 0x68, 0x83, 0x18, 0x11, 0xd1, 0x04, 0x24, 0x11, 0x89, 0x09, 0x10,
  0x20, 0x2d, 0x0c, 0x05, 0x2d, 0xd8, 0xc6, 0x85, 0x03, 0x03, 0x84, 0x08,
  0x97, 0x4c, 0x5a, 0x20, 0x06, 0x59, 0x24, 0x10, 0x22, 0xa3, 0x68, 0xc0,
  0x04, 0x00, 0x9a, 0x14, 0x40, 0xe4, 0x42, 0x45, 0xe1, 0x20, 0x81, 0x0c,
  0xa9, 0x09, 0x99, 0xa0, 0x64, 0x84, 0x08, 0x6c, 0x0a, 0x49, 0x28, 0x44,
  0xc8, 0x29, 0x44, 0x92, 0x41, 0x42, 0x18, 0x6c, 0xd8, 0x90, 0x00, 0x0a,
  0xc9, 0x08, 0x1c, 0xc7, 0x85, 0xd4, 0x94, 0x8d, 0x42, 0xc6, 0x88, 0xa0,
  0xc8, 0x31, 0x9c, 0x10, 0x09, 0x00, 0x48, 0x6d, 0x1a, 0x20, 0x50, 0x0b,
  0x36, 0x28, 0x8b, 0x36, 0x06, 0x42, 0x00, 0x90, 0xa3, 0x96, 0x61, 0x18,
  0x98, 0x85, 0xd8, 0xb6, 0x09, 0x82, 0x12, 0x42, 0x61, 0x02, 0x45, 0xd0,
  0x22, 0x05, 0xc0, 0xb2, 0x21, 0x01, 0x46, 0x8e, 0x50, 0x18, 0x41, 0x13,
  0x12, 0x4a, 0x0a, 0xb7, 0x09, 0xc3, 0x26, 0x22, 0xc1, 0x10, 0x40, 0xcb,
  0xc8, 0x85, 0x18, 0xc2, 0x08, 0x48, 0x08, 0x42, 0xa3, 0x42, 0x24, 0x09,
  0x20, 0x24, 0x53, 0xc2, 0x4d, 0xdb, 0xb0, 0x01, 0xd8, 0x08, 0x08, 0x08,
  0x08, 0x00, 0x41, 0xb0, 0x04, 0x1c, 0xc8, 0x81, 0xdc, 0x38, 0x81, 0x50,
  0x96, 0x28, 0x0c, 0xa8, 0x65, 0x11, 0x83, 0x25, 0xcc, 0x04, 0x0c, 0x5c,
  0x46, 0x70, 0x0b, 0x02, 0x49, 0x23, 0x94, 0x04, 0x89, 0x28, 0x68, 0x12,
  0xb0, 0x69, 0xc0, 0x86, 0x45, 0x01, 0x46, 0x45, 0x82, 0x80, 0x08, 0x8c,
  0x12, 0x41, 0x11, 0x43, 0x8c, 0x00, 0xb7, 0x49, 0x19, 0x92, 0x08, 0x11,
  0xa4, 0x85, 0x20, 0xa1, 0x6c, 0xc9, 0x92, 0x25, 0x08, 0xa7, 0x49, 0x88,
  0x06, 0x4a, 0x23, 0x25, 0x49, 0x89, 0x32, 0x05, 0x22, 0xa9, 0x09, 0x19,
  0x96, 0x44, 0x24, 0xa5, 0x68, 0x00, 0x25, 0x65, 0x00, 0xa6, 0x68, 0xc2,
  0x82, 0x6c, 0x5c, 0x88, 0x24, 0xd2, 0x80, 0x10, 0x90, 0x80, 0x65, 0x49,
  0xa2, 0x70, 0x11, 0x20, 0x86, 0x13, 0x30, 0x45, 0x00, 0x12, 0x26, 0x20,
  0xc4, 0x08, 0x84, 0x12, 0x4a, 0xe0, 0x02, 0x6a, 0x11, 0xb0, 0x68, 0x18,
  0x38, 0x28, 0x5b, 0x16, 0x92, 0x12, 0x96, 0x05, 0x11, 0x04, 0x50, 0x21,
  0x29, 0x49, 0x20, 0x96, 0x31, 0xe2, 0x34, 0x08, 0x92, 0xc8, 0x31, 0x1c,
  0x35, 0x11, 0x12, 0x37, 0x84, 0x0b, 0x01, 0x01, 0x9c, 0x34, 0x65, 0xdc,
  0x98, 0x08, 0xd3, 0x28, 0x32, 0x04, 0x88, 0x50, 0x03, 0xc0, 0x70, 0x4c,
  0xb2, 0x09, 0x52, 0x28, 0x10, 0x1c, 0x14, 0x60, 0x24, 0x92, 0x24, 0xc4,
  0xb4, 0x80, 0x1c, 0xc7, 0x49, 0x24, 0x90, 0x44, 0xd1, 0xc6, 0x0d, 0xd2,
  0x84, 0x81, 0x20, 0x22, 0x31, 0x1c, 0x05, 0x6d, 0xd2, 0x36, 0x02, 0x5c,
  0x34, 0x69, 0x50, 0x92, 0x48, 0x21, 0x90, 0x6c, 0x09, 0xa3, 0x05, 0xc2,
  0x48, 0x45, 0xa4, 0x24, 0x6d, 0x01, 0x17, 0x70, 0xca, 0x34, 0x05, 0x58,
  0x30, 0x89, 0xda, 0x28, 0x84, 0xcc, 0x04, 0x50, 0x58, 0xb0, 0x0c, 0x8c,
  0xc0, 0x0d, 0x03, 0x03, 0x71, 0xca, 0x86, 0x90, 0x12, 0x30, 0x40, 0xcc,
  0x34, 0x82, 0x99, 0x96, 0x40, 0x19, 0xb8, 0x90, 0x90, 0x32, 0x26, 0x1a,
  0x18, 0x8d, 0x1a, 0x16, 0x49, 0x11, 0x00, 0x49, 0x01, 0x39, 0x6d, 0x24,
  0x85, 0x21, 0xe2, 0x80, 0x91, 0x49, 0x38, 0x0e, 0x43, 0x32, 0x4c, 0x1a,
  0xa4, 0x64, 0x99, 0x24, 0x70, 0xcb, 0xb8, 0x29, 0x1c, 0xb2, 0x44, 0x1a,
  0x45, 0x90, 0xc8, 0x38, 0x40, 0x5c, 0x34, 0x70, 0x99, 0x30, 0x8e, 0xdb,
  0x24, 0x45, 0x04, 0x47, 0x25, 0x41, 0x04, 0x62, 0x49, 0xc8, 0x00, 0x22,
  0x14, 0x40, 0x0c, 0xb3, 0x6d, 0x12, 0x13, 0x85, 0x14, 0x02, 0x86, 0x51,
  0xa2, 0x25, 0x1c, 0xb5, 0x11, 0x4b, 0x80, 0x40, 0x52, 0xc6, 0x08, 0x80,
  0x22, 0x29, 0x18, 0x21, 0x48, 0x92, 0x24, 0x4e, 0x54, 0x92, 0x29, 0x12,
  0xc0, 0x69, 0x23, 0xa1, 0x00, 0x0c, 0x43, 0x84, 0xdb, 0x38, 0x29, 0x02,
  0x93, 0x01, 0x94, 0x30, 0x81, 0x1b, 0x42, 0x10, 0x18, 0x80, 0x60, 0x04,
  0x28, 0x88, 0x90, 0x94, 0x61, 0x9c, 0x98, 0x28, 0x5b, 0x20, 0x8c, 0x0c,
  0xb0, 0x2d, 0x18, 0xb8, 0x6c, 0x8a, 0x28, 0x52, 0x14, 0x94, 0x40, 0x04,
  0x88, 0x20, 0x8c, 0x92, 0x44, 0x4a, 0xa2, 0x51, 0x98, 0x44, 0x88, 0x02,
  0x29, 0x8a, 0x12, 0x15, 0x30, 0x81, 0x12, 0x40, 0x42, 0xb4, 0x29, 0x24,
  0x00, 0x0c, 0x81, 0xb2, 0x85, 0xa3, 0xa2, 0x8c, 0x0b, 0x01, 0x49, 0x1c,
  0xb8, 0x4c, 0x8a, 0x38, 0x8c, 0x1c, 0x35, 0x26, 0x09, 0x31, 0x31, 0x84,
  0x38, 0x8c, 0xd8, 0x16, 0x10, 0x9b, 0xa8, 0x49, 0x9b, 0xa4, 0x04, 0xdc,
  0x22, 0x66, 0x40, 0x90, 0x21, 0x64, 0x88, 0x6d, 0x13, 0xa2, 0x50, 0x12,
  0xc6, 0x6c, 0xc8, 0x44, 0x42, 0xdc, 0xb6, 0x08, 0x18, 0xb3, 0x28, 0x89,
  0x06, 0x92, 0xd8, 0xa0, 0x05, 0x1c, 0x09, 0x25, 0x61, 0x84, 0x04, 0xcc,
  0x04, 0x72, 0x81, 0x86, 0x2d, 0x1c, 0x41, 0x25, 0x24, 0x25, 0x80, 0x94,
  0x14, 0x69, 0xdc, 0x28, 0x69, 0x04, 0xc4, 0x40, 0x19, 0x05, 0x8d, 0x48,
  0xb2, 0x04, 0xc3, 0x90, 0x0c, 0x10, 0x34, 0x26, 0xdb, 0x90, 0x89, 0x99,
  0x28, 0x4a, 0x14, 0x04, 0x84, 0x4c, 0x86, 0x25, 0x82, 0x08, 0x05, 0x99,
  0x20, 0x25, 0xd2, 0x46, 0x2a, 0x13, 0x35, 0x30, 0xd3, 0x14, 0x70, 0x60,
  0x20, 0x29, 0x51, 0xa4, 0x10, 0xdc, 0x18, 0x91, 0x98, 0xb4, 0x4d, 0xd8,
  0x38, 0x0e, 0x5a, 0xa2, 0x8c, 0x02, 0xc2, 0x8d, 0x13, 0xc5, 0x48, 0xc9,
  0x16, 0x41, 0xc9, 0x40, 0x6a, 0xe2, 0x98, 0x25, 0x88, 0x42, 0x25, 0xc0,
  0x16, 0x24, 0x24, 0x07, 0x50, 0x9b, 0x44, 0x90, 0x8a, 0xc6, 0x31, 0x23,
  0x39, 0x62, 0x8c, 0xb6, 0x69, 0x88, 0x06, 0x05, 0x20, 0x41, 0x65, 0x51,
  0x40, 0x28, 0xd3, 0x04, 0x6e, 0x82, 0x16, 0x90, 0x83, 0x00, 0x86, 0x02,
  0x19, 0x2a, 0xc8, 0x84, 0x90, 0x60, 0x98, 0x8c, 0xca, 0xa4, 0x89, 0x64,
  0xa4, 0x00, 0x8b, 0x26, 0x21, 0x0a, 0x03, 0x6c, 0x20, 0x85, 0x8d, 0x88,
  0x98, 0x60, 0xda, 0x36, 0x62, 0xa1, 0x84, 0x71, 0x13, 0x21, 0x6e, 0x21,
  0x05, 0x0a, 0x1b, 0xc2, 0x09, 0x18, 0x26, 0x44, 0x10, 0x01, 0x00, 0x1a,
  0xc9, 0x0d, 0x11, 0x38, 0x4a, 0x53, 0x92, 0x84, 0x12, 0x36, 0x8d, 0xd9,
  0x84, 0x91, 0x90, 0x94, 0x4d, 0x43, 0x90, 0x6c, 0xe3, 0x06, 0x26, 0x60,
  0x38, 0x2a, 0x0c, 0xc7, 0x30, 0x01, 0xc2, 0x65, 0x13, 0x08, 0x86, 0xa4,
  0x00, 0x21, 0x8b, 0x14, 0x71, 0xe3, 0x08, 0x80, 0x03, 0x84, 0x89, 0xe2,
  0x32, 0x51, 0x02, 0x95, 0x00, 0x81, 0x34, 0x30, 0xda, 0x12, 0x30, 0x24,
  0x44, 0x71, 0x43, 0x44, 0x68, 0x63, 0xc0, 0x70, 0x0a, 0x45, 0x4a, 0x1a,
  0xb8, 0x61, 0xc3, 0x88, 0x8d, 0xc1, 0x34, 0x80, 0x98, 0x46, 0x21, 0x44,
  0x42, 0x2d, 0x62, 0xa8, 0x70, 0x90, 0x42, 0x24, 0xc8, 0x82, 0x30, 0xc2,
  0x88, 0x48, 0xd4, 0xb0, 0x09, 0x82, 0x86, 0x09, 0xa1, 0x96, 0x31, 0x61,
  0x34, 0x0d, 0x03, 0x47, 0x82, 0x53, 0x14, 0x2d, 0x02, 0x21, 0x82, 0x1b,
  0x80, 0x91, 0x50, 0x02, 0x4d, 0x21, 0x00, 0x6a, 0x90, 0x36, 0x2a, 0x93,
  0xa4, 0x24, 0x00, 0x28, 0x2d, 0x80, 0x38, 0x8c, 0xa4, 0x06, 0x82, 0x02,
  0x08, 0x08, 0x1a, 0x30, 0x66, 0xc2, 0x10, 0x8e, 0x04, 0x49, 0x88, 0x00,
  0xa2, 0x51, 0x0c, 0x09, 0x10, 0x8b, 0x18, 0x05, 0xc2, 0xc2, 0x6c, 0xc4,
  0x12, 0x50, 0xd2, 0x86, 0x81, 0xc9, 0x98, 0x89, 0x98, 0xb8, 0x68, 0x18,
  0x29, 0x04, 0x0c, 0xc3, 0x4c, 0x94, 0x94, 0x25, 0xd1, 0x30, 0x32, 0x13,
  0x30, 0x6d, 0x8a, 0x44, 0x21, 0x10, 0x11, 0x48, 0xd0, 0x18, 0x31, 0x0b,
  0x44, 0x06, 0x4a, 0x32, 0x05, 0xa3, 0x38, 0x49, 0x40, 0x12, 0x41, 0x4c,
  0x04, 0x29, 0x98, 0x10, 0x6c, 0x22, 0x23, 0x00, 0x0a, 0xa5, 0x04, 0x60,
  0x92, 0x24, 0x50, 0xb6, 0x11, 0x83, 0x24, 0x4a, 0x02, 0x22, 0x84, 0xe4,
  0x12, 0x91, 0x11, 0x44, 0x06, 0x1c, 0xc9, 0x50, 0xc0, 0x88, 0x90, 0x90,
  0xb8, 0x00, 0x93, 0x24, 0x08, 0x1c, 0x44, 0x08, 0x13, 0xa0, 0x85, 0xc1,
  0x10, 0x60, 0xc9, 0x02, 0x32, 0x80, 0x18, 0x71, 0x18, 0x31, 0x51, 0xe0,
  0x32, 0x41, 0x21, 0x42, 0x2c, 0x0c, 0xb7, 0x6c, 0x5a, 0xc6, 0x61, 0x08,
  0x34, 0x0e, 0xc8, 0x88, 0x11, 0x02, 0xc0, 0x4d, 0x01, 0x88, 0x85, 0x61,
  0xb8, 0x51, 0x1b, 0x48, 0x84, 0x50, 0x44, 0x20, 0x52, 0x5a, 0xef, 0x36,
  0x32, 0xac, 0xff, 0x63, 0xcc, 0xe4, 0x08, 0x2a, 0xcb, 0xc3, 0x09, 0x1a,
  0x7e, 0x6f, 0x34, 0x8e, 0x65, 0x16, 0x9c, 0xc0, 0x58, 0xa8, 0xff, 0x31,
  0xbd, 0x22, 0x21, 0x92, 0xa0, 0x32, 0xb7, 0xe6, 0xf1, 0x0b, 0x8b, 0xe2,
  0x3e, 0x51, 0xd5, 0xe9, 0x7f, 0x4f, 0xfd, 0xf9, 0x3f, 0xa8, 0x28, 0xcd,
  0x73, 0x6e, 0xad, 0x54, 0xe6, 0x77, 0x42, 0x10, 0x1f, 0xd0, 0x47, 0x67,
  0x7e, 0x3d, 0x1d, 0x94, 0x03, 0x00, 0xce, 0xa3, 0x5b, 0x6a, 0xb7, 0x00,
  0xc9, 0xd6, 0xa9, 0x4e, 0xe8, 0x19, 0xde, 0xe1, 0x25, 0xda, 0x7e, 0x74,
  0xda, 0x37, 0x90, 0x8b, 0x0e, 0x7b, 0x8c, 0xc8, 0x13, 0xed, 0xac, 0x79,
  0xb4, 0xf1, 0x8c, 0x26, 0x6f, 0x63, 0xc2, 0x33, 0x69, 0x51, 0x3b, 0xe1,
  0xd1, 0x71, 0xa4, 0x7b, 0x2c, 0xb7, 0xa4, 0xd2, 0x17, 0x05, 0x4e, 0xf0,
  0x58, 0x01, 0x75, 0xae, 0x90, 0x69, 0x4f, 0x49, 0x14, 0xe2, 0x01, 0xb5,
  0x79, 0x9c, 0x86, 0x88, 0x15, 0xe3, 0x23, 0xe7, 0x90, 0xe0, 0x20, 0x56,
  0x65, 0x0a, 0xc5, 0xd4, 0x40, 0x85, 0x07, 0x26, 0x95, 0x2d, 0x3e, 0x76,
  0x59, 0xa5, 0xa7, 0x40, 0x3a, 0xd3, 0x4e, 0x6c, 0x41, 0x56, 0xff, 0xf1,
  0x38, 0x6d, 0xe1, 0xbf, 0x28, 0xb2, 0xc4, 0x7a, 0x74, 0x3c, 0xb1, 0xc8,
  0xb2, 0x61, 0x62, 0x0e, 0x86, 0xce, 0xba, 0x8e, 0x81, 0x4f, 0xb6, 0xd2,
  0x4f, 0xf9, 0xc8, 0x93, 0xd7, 0xb2, 0x82, 0xc1, 0x04, 0x0a, 0x8f, 0x9a,
  0x49, 0xbb, 0x62, 0xcc, 0x9f, 0x44, 0x21, 0xd6, 0xe7, 0x64, 0xfa, 0xc6,
  0xb2, 0x31, 0x5e, 0x44, 0x24, 0x56, 0xca, 0x55, 0x31, 0xd7, 0x41, 0xfd,
  0xd9, 0x99, 0x75, 0x89, 0x86, 0xf4, 0xbb, 0xa2, 0x94, 0x90, 0x96, 0x76,
  0xdb, 0xc0, 0x81, 0x36, 0x3e, 0x6d, 0xce, 0x4f, 0x97, 0xd4, 0xd7, 0x88,
  0x00, 0x0c, 0x49, 0xb3, 0xfe, 0x1d, 0xd2, 0x76, 0x64, 0x3e, 0x22, 0x2d,
  0xd3, 0x8a, 0xf4, 0x7c, 0x8b, 0x79, 0x31, 0x1d, 0xd8, 0xfd, 0x95, 0x54,
  0x1b, 0x80, 0xe5, 0x4f, 0x81, 0x74, 0xe9, 0x44, 0xe8, 0x45, 0x8e, 0xee,
  0xbd, 0x18, 0xd7, 0x86, 0x5f, 0x34, 0x28, 0x42, 0x1e, 0xf9, 0xaa, 0x1c,
  0xd9, 0xb0, 0x59, 0xa5, 0x9f, 0xe6, 0x62, 0x41, 0x6f, 0xfb, 0x73, 0xc3,
  0xcc, 0x31, 0x47, 0xef, 0x40, 0x9a, 0x00, 0xc2, 0x0c, 0xbf, 0xf4, 0x88,
  0xd4, 0xb7, 0x0a, 0x0f, 0xc3, 0xfd, 0x0b, 0x17, 0x99, 0x4b, 0x51, 0xf7,
  0x2c, 0x08, 0xe2, 0x6f, 0xcb, 0x7b, 0x92, 0x73, 0x22, 0xe6, 0x98, 0x65,
  0xe0, 0x35, 0xc0, 0xbb, 0xe7, 0xf1, 0xbd, 0xc3, 0x7f, 0xca, 0xfe, 0xbf,
  0xb2, 0xe9, 0x95, 0xcd, 0x82, 0xa0, 0xdf, 0xf9, 0x0b, 0x18, 0xcc, 0x1a,
  0x98, 0xd3, 0x57, 0xc2, 0x61, 0x26, 0x41, 0xc3, 0x78, 0xca, 0x11, 0x57,
  0xaa, 0x7d, 0x9f, 0xa1, 0x50, 0x55, 0x7b, 0x04, 0x8a, 0xfc, 0xf5, 0x46,
  0x69, 0x03, 0xa8, 0xc6, 0x3c, 0xb6, 0x6b, 0xbb, 0xe2, 0x2d, 0xff, 0x8b,
  0x43, 0x5c, 0xe4, 0xf8, 0x16, 0xe8, 0x88, 0x4c, 0xa4, 0x69, 0xdd, 0xe5,
  0xca, 0x20, 0x0e, 0xe5, 0x53, 0xd1, 0x79, 0x15, 0xbb, 0x6c, 0x44, 0xeb,
  0xad, 0x53, 0x48, 0xe9, 0xad, 0x45, 0xad, 0x99, 0x28, 0x22, 0xb4, 0xde,
  0x1b, 0x5b, 0xe3, 0x7d, 0xed, 0x8b, 0x1e, 0x0f, 0xa8, 0xcf, 0x8c, 0xe7,
  0xa4, 0x21, 0xf8, 0x52, 0x3c, 0xdf, 0x38, 0x02, 0x59, 0x7d, 0x16, 0x06,
  0x22, 0xed, 0x27, 0x7b, 0x70, 0xd1, 0x34, 0x39, 0x2c, 0x4e, 0xed, 0x22,
  0x65, 0x3f, 0x1c, 0x25, 0x22, 0xe5, 0xf4, 0x2b, 0xb1, 0xc8, 0x17, 0x2c,
  0x54, 0xe4, 0x00, 0x8f, 0x60, 0x47, 0x93, 0xf3, 0x14, 0xff, 0x86, 0x2d,
  0xeb, 0x9f, 0x67, 0x82, 0x37, 0x22, 0x8f, 0x0e, 0x5e, 0xa6, 0x39, 0x29,
  0x76, 0x57, 0x12, 0x04, 0xd7, 0x66, 0x88, 0x1e, 0x80, 0x71, 0x0d, 0x6b,
  0x13, 0x5e, 0x5f, 0x23, 0x0c, 0x7b, 0x86, 0x61, 0x5c, 0x19, 0xe7, 0xb1,
  0xe9, 0x16, 0x13, 0x12, 0x7c, 0x26, 0x1d, 0x6c, 0x17, 0x47, 0x92, 0xe1,
  0x16, 0x43, 0xd8, 0x9a, 0xfc, 0x96, 0x61, 0xcb, 0x3d, 0xf6, 0x3b, 0x46,
  0xf6, 0x08, 0xfe, 0x54, 0x45, 0x17, 0x78, 0x53, 0x8c, 0x8a, 0x0d, 0x5f,
  0x3b, 0x2c, 0x40, 0x16, 0x6c, 0x23, 0xa1, 0xd1, 0xd1, 0x68, 0x1a, 0x15,
  0x99, 0x0c, 0x0e, 0xa4, 0x5d, 0x9d, 0xed, 0x11, 0x23, 0xf3, 0xc4, 0x97,
  0xc4, 0xda, 0x3b, 0x6f, 0xfd, 0x70, 0x25, 0x50, 0x05, 0x1b, 0x1c, 0xd9,
  0x17, 0x54, 0x8e, 0x19, 0x0b, 0xc2, 0x30, 0xed, 0x76, 0xf4, 0x7a, 0x20,
  0xac, 0x80, 0x77, 0x87, 0x5c, 0x14, 0xfe, 0x52, 0x5e, 0x0c, 0xc5, 0x67,
  0xf3, 0x67, 0xc6, 0x80, 0x09, 0xb9, 0xae, 0x85, 0x11, 0x75, 0x86, 0xa1,
  0x08, 0x95, 0x79, 0x5a, 0x0c, 0x03, 0xef, 0x2e, 0xb4, 0x81, 0xfa, 0x24,
  0xd8, 0x02, 0x67, 0x26, 0xfd, 0x10, 0x57, 0x9b, 0xf2, 0xea, 0xa8, 0xd6,
  0x1d, 0x65, 0xc7, 0x20, 0x20, 0x5f, 0x49, 0x9c, 0x34, 0x1f, 0x5e, 0xfa,
  0x0e, 0x66, 0xe4, 0x34, 0xc3, 0xb8, 0xcc, 0x4a, 0x6a, 0xd3, 0x20, 0x0b,
  0xca, 0xff, 0x11, 0xa9, 0x3b, 0x10, 0x07, 0x9d, 0xee, 0x56, 0x89, 0x7d,
  0xe3, 0x1a, 0x72, 0x9f, 0xba, 0x20, 0x74, 0x58, 0xec, 0xf8, 0x96, 0xd9,
  0xa9, 0x4a, 0xd8, 0x9e, 0xe6, 0x9d, 0x44, 0xf7, 0x2a, 0x41, 0xb2, 0x7d,
  0x73, 0xcd, 0xc2, 0xd4, 0xda, 0x4a, 0xd2, 0xb3, 0x65, 0xe6, 0x7e, 0x39,
  0x9c, 0xef, 0xff, 0x91, 0x64, 0x43, 0x7b, 0x05, 0x14, 0x63, 0xe7, 0x85,
  0x30, 0xc7, 0x50, 0xd1, 0x5e, 0x01, 0x24, 0xa0, 0x4e, 0xc1, 0xff, 0xec,
  0x66, 0x55, 0xb2, 0xff, 0x60, 0xee, 0xa8, 0x55, 0x3a, 0xd5, 0x07, 0x19,
  0x1b, 0xbe, 0x6b, 0x14, 0x8c, 0xaf, 0xdb, 0x72, 0x5c, 0x3a, 0xca, 0xa5,
  0x75, 0x61, 0x05, 0x30, 0x45, 0x31, 0xac, 0x0a, 0x34, 0x27, 0x06, 0xc9,
  0x38, 0x5a, 0x24, 0xb9, 0x09, 0x94, 0x52, 0x10, 0x37, 0xd2, 0x28, 0xf7,
  0x68, 0x0f, 0xa9, 0xfd, 0x50, 0xad, 0x65, 0xaa, 0x45, 0xf7, 0x18, 0xc9,
  0x6a, 0x83, 0x39, 0xaa, 0x94, 0x89, 0x78, 0x50, 0x3c, 0x87, 0x06, 0x6b,
  0xed, 0x91, 0xc6, 0xb1, 0x57, 0x63, 0x0f, 0x6b, 0x68, 0x9f, 0x36, 0xb0,
  0x5f, 0x90, 0xd6, 0x38, 0x18, 0x72, 0x7f, 0xe2, 0xa8, 0xd9, 0xf0, 0x22,
  0x9e, 0x42, 0x63, 0xc2, 0x1d, 0x07, 0x2a, 0x4d, 0x1d, 0x29, 0x9e, 0xd6,
  0x96, 0xbc, 0x9d, 0x7a, 0x23, 0xf4, 0x72, 0xc7, 0x12, 0x1a, 0x2b, 0x43,
  0xe1, 0x5a, 0xb5, 0xbe, 0x2b, 0xfb, 0xff, 0x0d, 0x34, 0x9a, 0xd0, 0x96,
  0x92, 0x8a, 0x81, 0xbc, 0xb6, 0x1b, 0xb8, 0x4d, 0x8b, 0xc2, 0x48, 0xce,
  0x15, 0x23, 0xc7, 0xc6, 0xc1, 0x5a, 0xab, 0x46, 0x43, 0x93, 0x20, 0x43,
  0xa5, 0x4e, 0x4b, 0xa8, 0x05, 0x3f, 0xfe, 0xf4, 0x8f, 0x9b, 0x7d, 0x3d,
  0xd0, 0xfc, 0xf0, 0x6c, 0xeb, 0x9e, 0x27, 0x07, 0x57, 0xa8, 0xc9, 0xd8,
  0xdf, 0x9c, 0xaf, 0xcf, 0xf1, 0x74, 0xaf, 0x78, 0x98, 0x23, 0xbd, 0x8a,
  0x04, 0x00, 0x71, 0xc0, 0xdf, 0x4c, 0xe1, 0x00, 0x78, 0xd7, 0xc3, 0x08,
  0xb9, 0xaa, 0xdb, 0xf2, 0xa3, 0x1b, 0xec, 0x03, 0xd4, 0x05, 0x6e, 0xbc,
  0xb9, 0x03, 0xcd, 0xd5, 0xe1, 0x2c, 0x60, 0x11, 0xbd, 0x45, 0x6a, 0x95,
  0x7b, 0xe8, 0x35, 0x8b, 0x1e, 0x8a, 0xac, 0xc6, 0x12, 0xc8, 0xee, 0x49,
  0x06, 0x8d, 0xe9, 0xd6, 0x62, 0x3e, 0xdc, 0x74, 0x9b, 0xca, 0x71, 0xdf,
  0xfc, 0x94, 0xa6, 0xcb, 0x88, 0x23, 0x10, 0xca, 0xca, 0xf8, 0x78, 0x41,
  0xd8, 0xc7, 0x0a, 0x75, 0x0f, 0x89, 0x06, 0x0b, 0x22, 0xd6, 0xa5, 0xfc,
  0xfd, 0x7e, 0x5a, 0x52, 0x7f, 0xf0, 0xa4, 0xd0, 0xb1, 0x3a, 0x65, 0x8d,
  0x2b, 0x62, 0x73, 0xe6, 0x6e, 0x33, 0x11, 0x75, 0xfa, 0x72, 0x3f, 0xb4,
  0xbb, 0x78, 0x7f, 0x5a, 0x7b, 0xd7, 0x98, 0x6f, 0x3f, 0x66, 0x37, 0x05,
  0x46, 0x5f, 0x90, 0xe6, 0x1e, 0xd5, 0xe2, 0x28, 0x59, 0xa9, 0x79, 0x11,
  0x20, 0x2e, 0x93, 0xeb, 0xe0, 0x5c, 0x6f, 0xb7, 0x52, 0xe5, 0x51, 0x9f,
  0x43, 0xfd, 0x95, 0xf3, 0x8c, 0x5a, 0x9f, 0x8f, 0x94, 0x69, 0x0b, 0xb9,
  0xb9, 0x84, 0xbb, 0xd8, 0xd2, 0xc5, 0x7b, 0x0f, 0x07, 0x32, 0x02, 0xf3,
  0x05, 0x64, 0x61, 0xc8, 0x02, 0x15, 0x85, 0x5c, 0x87, 0x16, 0xb1, 0xe4,
  0x99, 0x9f, 0x95, 0x95, 0x1d, 0xf4, 0xdc, 0x24, 0xd7, 0x1e, 0xa3, 0x30,
  0xa5, 0xba, 0x93, 0x4c, 0xb0, 0xe8, 0x4f, 0xd8, 0xea, 0xe4, 0x85, 0x02,
  0x0f, 0xf8, 0xfe, 0x7f, 0xff, 0xbb, 0x46, 0x28, 0x6d, 0x6d, 0xb9, 0x5b,
  0x78, 0xa5, 0x4d, 0x1f, 0x44, 0xfe, 0x9f, 0xdd, 0xc5, 0xcf, 0x9e, 0x95,
  0xd5, 0xf9, 0xf1, 0x89, 0x57, 0x2f, 0xce, 0x80, 0xf8, 0x17, 0x78, 0x12,
  0x8d, 0x13, 0x74, 0xb1, 0xe9, 0x3c, 0xf9, 0xab, 0x06, 0x96, 0x54, 0x5a,
  0x82, 0x16, 0x9e, 0xb7, 0x1d, 0xe8, 0x2f, 0x45, 0x51, 0xe5, 0xe2, 0xa9,
  0x6c, 0xf1, 0x9d, 0x67, 0xaa, 0xea, 0xda, 0x7b, 0x23, 0xc1, 0x67, 0x3c,
  0x07, 0x16, 0x51, 0x2a, 0x95, 0x7f, 0xb7, 0xb2, 0xd9, 0xce, 0x85, 0x51,
  0x99, 0x34, 0x11, 0x9a, 0xc5, 0x62, 0xf0, 0xa2, 0x3f, 0x88, 0xbc, 0x61,
  0xae, 0x97, 0xfd, 0x18, 0x3f, 0xe5, 0x4d, 0x0e, 0x17, 0xb2, 0xf6, 0x3e,
  0xcd, 0xb3, 0x37, 0x80, 0x38, 0x33, 0xe8, 0xfb, 0xc1, 0x0c, 0x70, 0xe6,
  0xc2, 0x6f, 0x9b, 0x04, 0x63, 0x11, 0xc9, 0x4b, 0x30, 0x48, 0x41, 0x56,
  0x16, 0x08, 0x73, 0xeb, 0x65, 0x6a, 0x2b, 0x94, 0xc3, 0x96, 0xa5, 0x64,
  0x21, 0x20, 0x6a, 0x32, 0xea, 0xc2, 0x57, 0xfa, 0xc9, 0x94, 0x8b, 0xe7,
  0xda, 0x09, 0xc8, 0x5e, 0xe9, 0x87, 0x17, 0x20, 0x6f, 0xc5, 0x3f, 0x79,
  0xf6, 0xdf, 0xd2, 0xc9, 0xe6, 0x11, 0xb6, 0x67, 0x82, 0x88, 0x7f, 0x0d,
  0x4a, 0x37, 0xee, 0xee, 0xb5, 0x3c, 0xb5, 0x1c, 0x49, 0xd4, 0xa8, 0x2f,
  0xff, 0x79, 0x16, 0x79, 0x95, 0xeb, 0xbc, 0x79, 0xa4, 0x3b, 0x61, 0xf1,
  0x26, 0xad, 0x6d, 0xe3, 0x8a, 0x8a, 0x5f, 0x86, 0x0f, 0x39, 0xeb, 0x7b,
  0x57, 0x7e, 0x78, 0xee, 0x0a, 0xf0, 0x8e, 0x76, 0x95, 0x17, 0xb2, 0x80,
  0xb5, 0x78, 0x9b, 0xa6, 0xc1, 0x5c, 0x0e, 0x03, 0x1e, 0xe9, 0x87, 0xd7,
  0xba, 0x14, 0x8b, 0xd1, 0x0e, 0x29, 0x08, 0xb3, 0x00, 0x8e, 0x16, 0xed,
  0xb7, 0xfd, 0xd0, 0x7b, 0x74, 0x13, 0x2b, 0x78, 0xdf, 0xf0, 0x5c, 0x33,
  0xc7, 0x43, 0x5d, 0x26, 0x80, 0x77, 0x2e, 0x1d, 0x60, 0xae, 0x01, 0x91,
  0xa7, 0xd7, 0x64, 0x4e, 0x37, 0x09, 0xff, 0x35, 0x29, 0x4a, 0xc8, 0xed,
  0x64, 0xa9, 0xda, 0xe5, 0xad, 0x91, 0xad, 0x16, 0xac, 0x75, 0x40, 0x92,
  0x29, 0x6b, 0xb6, 0x6f, 0x53, 0x14, 0xe3, 0x7b, 0x3c, 0x67, 0x53, 0xd9,
  0xb2, 0x52, 0x88, 0xb0, 0x61, 0x9e, 0x5a, 0xca, 0x38, 0x99, 0x85, 0x63,
  0xf6, 0x93, 0x43, 0xda, 0x93, 0x6b, 0xb0, 0x23, 0x6f, 0x95, 0x0f, 0x94,
  0x71, 0xd1, 0xdc, 0x62, 0x57, 0xaa, 0xd1, 0x24, 0x15, 0x11, 0x82, 0x9e,
  0xbd, 0xfb, 0x30, 0xbf, 0x27, 0x7f, 0xfd, 0xc4, 0xff, 0xfd, 0x46, 0xac,
  0x33, 0xeb, 0xec, 0x8e, 0xec, 0x41, 0xe7, 0x62, 0x53, 0x46, 0x39, 0x72,
  0xa8, 0xdf, 0xd4, 0x67, 0x3e, 0x55, 0x11, 0x5e, 0x3d, 0x66, 0xc2, 0xff,
  0xc5, 0x1d, 0x45, 0x8e, 0xb0, 0xbc, 0x79, 0x31, 0xf1, 0x9b, 0xdf, 0x99,
  0x9a, 0xb1, 0xa3, 0xd2, 0x30, 0x87, 0xe4, 0x35, 0xd7, 0x03, 0xfd, 0x26,
  0x6b, 0x73, 0x1b, 0x29, 0xba, 0x7a, 0x17, 0x15, 0x15, 0x08, 0x92, 0xe1,
  0xbc, 0xd2, 0x65, 0x43, 0x74, 0x32, 0x2e, 0x0e, 0x1c, 0xd4, 0xb6, 0x3a,
  0x34, 0x45, 0x0c, 0xdd, 0x3e, 0x8b, 0x45, 0xb4, 0x14, 0xe9, 0xc3, 0xb3,
  0x66, 0xb5, 0x18, 0x60, 0x59, 0x20, 0x1b, 0x71, 0xb6, 0x93, 0x5e, 0x1c,
  0x80, 0xf9, 0x5f, 0x55, 0xc2, 0x1f, 0x23, 0xda, 0x7c, 0x29, 0x48, 0x83,
  0x7b, 0xeb, 0xd1, 0xe8, 0x4a, 0x93, 0x00, 0xe8, 0xe6, 0x15, 0x96, 0xae,
  0x1b, 0xe2, 0x6f, 0x27, 0xc9, 0x4b, 0xf0, 0x7c, 0x20, 0xf3, 0xf5, 0x27,
  0x29, 0x50, 0x5f, 0xf1, 0x14, 0x1f, 0xce, 0xb9, 0x71, 0xbb, 0x61, 0xf8,
  0xa1, 0x99, 0xa4, 0x55, 0x47, 0x5c, 0xeb, 0xd7, 0xc7, 0x52, 0x2f, 0xf3,
  0x7c, 0xc9, 0xb1, 0x3c, 0x98, 0xa6, 0x8a, 0x7e, 0xa3, 0xe5, 0xcb, 0x02,
  0xbe, 0x2d, 0xfe, 0x74, 0xd5, 0xe9, 0x35, 0xd5, 0x93, 0xf8, 0x18, 0x6f,
  0xdd, 0xeb, 0xa1, 0xce, 0x69, 0x5e, 0x7a, 0xa7, 0x9d, 0xd9, 0xfc, 0xa8,
  0xa9, 0x63, 0x54, 0xbf, 0x1c, 0x44, 0x05, 0xa8, 0x63, 0xb2, 0x97, 0x4b,
  0x76, 0x8e, 0x6b, 0x72, 0x58, 0xa1, 0x69, 0x9f, 0xb3, 0x7f, 0xef, 0xc3,
  0x53, 0xd1, 0x87, 0x8f, 0xf1, 0x05, 0x24, 0x8b, 0x79, 0x6a, 0x23, 0xb2,
  0xf5, 0x87, 0xb9, 0xa2, 0xda, 0xda, 0xaf, 0xd1, 0xac, 0x55, 0x8f, 0x9a,
  0x41, 0x17, 0x4b, 0xdd, 0x22, 0x86, 0x1a, 0x05, 0xc2, 0x77, 0xbc, 0x03,
  0xf0, 0x0f, 0x42, 0xff, 0x65, 0x70, 0x3d, 0xc6, 0x82, 0x45, 0x33, 0xfe,
  0xad, 0xdd, 0xca, 0x69, 0x26, 0x89, 0x45, 0xa4, 0x1f, 0x68, 0x8f, 0x9c,
  0x26, 0x89, 0xc6, 0x1c, 0x48, 0x68, 0xb4, 0xb2, 0x48, 0x28, 0xb7, 0x1c,
  0x75, 0xdb, 0x5d, 0xc1, 0xd2, 0x03, 0x91, 0xa3, 0x1b, 0xc8, 0xa1, 0xcb,
  0x44, 0x83, 0x52, 0xed, 0xe5, 0xb1, 0x8d, 0xf5, 0xc2, 0xdd, 0x01, 0x19,
  0x1a, 0xf5, 0x71, 0x41, 0x8f, 0xa4, 0x38, 0xda, 0xd7, 0x5f, 0xa7, 0xde,
  0x65, 0x82, 0xa4, 0x54, 0x99, 0xf0, 0xe0, 0xc8, 0x90, 0x99, 0x20, 0xa6,
  0x8f, 0xb0, 0xf5, 0x35, 0x30, 0x5f, 0x11, 0x86, 0x30, 0x18, 0xd6, 0x46,
  0x86, 0x68, 0x65, 0xa0, 0x61, 0xdd, 0x88, 0x5e, 0x0e, 0x66, 0x5b, 0x78,
  0x1c, 0x23, 0x16, 0x5c, 0xde, 0x63, 0x95, 0x7e, 0x25, 0x12, 0x8d, 0x84,
  0x7d, 0xdf, 0x69, 0x68, 0x8a, 0x4c, 0x09, 0xbd, 0x3c, 0x01, 0x87, 0x3b,
  0x62, 0x6b, 0x60, 0x38, 0x9d, 0x2f, 0x3e, 0xfc, 0x3b, 0x74, 0xac, 0x12,
  0xd7, 0x50, 0x3a, 0x60, 0xbd, 0x3f, 0x72, 0xf9, 0x83, 0xee, 0x2f, 0x60,
  0xfc, 0x8b, 0xcd, 0x35, 0x67, 0x98, 0x52, 0x61, 0x50, 0x04, 0x96, 0xb4,
  0x22, 0x35, 0x07, 0xef, 0xa0, 0xcb, 0x07, 0x62, 0x67, 0xb8, 0x1e, 0x08,
  0x91, 0xd7, 0xf6, 0xaa, 0xa0, 0xad, 0x77, 0x74, 0x43, 0x54, 0xab, 0xef,
  0x9b, 0x93, 0x52, 0x42, 0x5a, 0x7c, 0xf0, 0x12, 0xa4, 0x01, 0x16, 0x5a,
  0x45, 0x84, 0xcf, 0x8b, 0xe7, 0x93, 0x9e, 0x17, 0xaf, 0xb0, 0xdc, 0xfe,
  0xa9, 0x44, 0x31, 0xf8, 0x76, 0xa9, 0x3a, 0xcb, 0x59, 0x4e, 0xd7, 0xf2,
  0xa7, 0x05, 0xc0, 0x16, 0x6c, 0xee, 0xa7, 0xb4, 0xe4, 0x21, 0x89, 0x38,
  0xf2, 0xc9, 0xb1, 0x7e, 0x00, 0x55, 0x12, 0x32, 0x03, 0x12, 0x5b, 0x4c,
  0xdd, 0x6d, 0x4d, 0xc2, 0x52, 0x19, 0x5d, 0xc5, 0x26, 0xf4, 0x28, 0x07,
  0x86, 0x89, 0xcf, 0x1d, 0xb5, 0x5e, 0xd3, 0x00, 0x5c, 0x97, 0x63, 0x02,
  0xb1, 0xed, 0x10, 0x5f, 0x2b, 0x4d, 0xf7, 0xb6, 0x81, 0xa3, 0xdc, 0x64,
  0x84, 0xda, 0xad, 0xa1, 0xb9, 0x45, 0x27, 0x14, 0xa4, 0x9d, 0x24, 0x83,
  0xed, 0xaa, 0xd7, 0xb9, 0x78, 0x3b, 0x74, 0x34, 0x53, 0xc8, 0xee, 0x26,
  0x6a, 0x53, 0xee, 0x38, 0x8c, 0x26, 0x75, 0xdb, 0x6e, 0xe8, 0x9e, 0x5e,
  0x46, 0x2d, 0xeb, 0x7c, 0xb8, 0x26, 0x6c, 0xed, 0x0a, 0xbf, 0x43, 0xf0,
  0x91, 0x0b, 0x9d, 0x34, 0xb2, 0x97, 0xab, 0x9c, 0xcf, 0x13, 0xcd, 0xb8,
  0x75, 0xce, 0xda, 0xf9, 0x58, 0x99, 0x37, 0xa0, 0x66, 0x9e, 0x1e, 0xcd,
  0x50, 0x62, 0x47, 0x7f, 0x32, 0xab, 0xe7, 0xc6, 0xab, 0xe3, 0x6b, 0x91,
  0x68, 0xdc, 0x82, 0x63, 0xd5, 0x48, 0xbf, 0xf1, 0x87, 0x6f, 0x7a, 0x68,
  0x39, 0x6e, 0xb0, 0x35, 0x64, 0x41, 0x40, 0xb3, 0x48, 0x7f, 0x9b, 0x26,
  0xee, 0x9d, 0xef, 0x0f, 0x11, 0xad, 0xcb, 0xd2, 0x59, 0x98, 0x1d, 0xc9,
  0x2e, 0x5d, 0xcb, 0x76, 0x04, 0x98, 0x79, 0x66, 0x71, 0xce, 0x80, 0xd0,
  0x07, 0x7e, 0xd9, 0x1c, 0x28, 0xed, 0x79, 0x5b, 0x8f, 0x0a, 0x88, 0xae,
  0x45, 0x0f, 0xfb, 0x13, 0x16, 0x8d, 0x4b, 0x72, 0x53, 0x11, 0x5d, 0x58,
  0xfd, 0x39, 0x5b, 0xcb, 0x05, 0xde, 0x86, 0x31, 0x17, 0xbc, 0x48, 0xe6,
  0xf5, 0xfa, 0x2e, 0x51, 0x17, 0x4c, 0xc1, 0x1f, 0x85, 0x74, 0x6c, 0x38,
  0xef, 0xad, 0x87, 0x4a, 0xc4, 0xed, 0x86, 0x64, 0xa7, 0x1f, 0x58, 0xca,
  0x7d, 0xae, 0x8a, 0xd4, 0x74, 0xfb, 0xf4, 0x4f, 0xb4, 0x00, 0xd6, 0x87,
  0x77, 0xd6, 0x34, 0xf6, 0x43, 0x1b, 0x0a, 0xb3, 0xcd, 0x02, 0xc1, 0x24,
  0xd8, 0x44, 0xdb, 0x64, 0x45, 0x8f, 0xa4, 0x10, 0x42, 0xb0, 0xa0, 0x66,
  0xd1, 0x97, 0x3a, 0x3e, 0x46, 0xb3, 0xae, 0xd8, 0x38, 0x70, 0xea, 0x40,
  0x35, 0x28, 0xdb, 0xb6, 0x10, 0xb1, 0x8d, 0x31, 0x8a, 0x61, 0x25, 0x10,
  0x90, 0xbe, 0x06, 0x70, 0x33, 0xc0, 0x27, 0x44, 0x3c, 0x6a, 0x43, 0xff,
  0xb2, 0xc1, 0xcb, 0x14, 0x3d, 0x2b, 0xb2, 0x35, 0xc2, 0xb8, 0x83, 0xfe,
  0xcf, 0x43, 0xb4, 0xa4, 0xe8, 0x81, 0xbf, 0x28, 0xdc, 0x0e, 0x8f, 0xed,
  0x18, 0x26, 0x2f, 0xcf, 0xb3, 0x26, 0xa5, 0x76, 0xaf, 0x34, 0xfe, 0x3f,
  0xac, 0x55, 0xd1, 0x6d, 0x2a, 0xce, 0x21, 0x7c, 0xe6, 0x1f, 0xe0, 0x54,
  0x10, 0xa5, 0xe7, 0x1f, 0x3b, 0xfa, 0xd7, 0x32, 0x37, 0x1b, 0x47, 0x74,
  0x6d, 0xe3, 0x19, 0x36, 0x46, 0x87, 0x03, 0xdf, 0x8d, 0xed, 0x67, 0xb7,
  0x28, 0x9b, 0x2f, 0x4a, 0x37, 0x28, 0x47, 0xde, 0xbe, 0xf4, 0x43, 0x9f,
  0x25, 0x92, 0xa4, 0xbb, 0xd0, 0xa9, 0x03, 0x77, 0x63, 0x2e, 0x81, 0x50,
  0xba, 0x73, 0xc7, 0xd8, 0x96, 0xc5, 0x6f, 0x23, 0x16, 0xf9, 0x68, 0x59,
  0x43, 0xa5, 0xb2, 0xe8, 0x3f, 0x15, 0x2a, 0xde, 0x2a, 0x04, 0x9e, 0xab,
  0x00, 0x0f, 0x77, 0x80, 0x08, 0x29, 0x1a, 0x81, 0x55, 0xfd, 0x26, 0x77,
  0x84, 0xe4, 0xd8, 0xda, 0x48, 0xeb, 0xb9, 0x1e, 0xf7, 0x35, 0xdf, 0xb9,
  0xf4, 0xb8, 0xa7, 0x8c, 0x42, 0xa4, 0x61, 0x61, 0xc4, 0x29, 0x89, 0x53,
  0xc0, 0x4a, 0x02, 0xc0, 0xbd, 0x72, 0x57, 0xbb, 0xc7, 0xbd, 0x85, 0x40,
  0xab, 0xce, 0x2c, 0xe8, 0xfe, 0x33, 0xe7, 0x67, 0x42, 0x0b, 0xf9, 0x9b,
  0xc4, 0xd0, 0xbb, 0x77, 0x20, 0x3d, 0xca, 0x7f, 0x88, 0x25, 0x5a, 0xef,
  0xd9, 0x59, 0x7b, 0x0f, 0x01, 0x69, 0x08, 0xf4, 0x95, 0x90, 0xc3, 0xad,
  0xcb, 0x15, 0xc0, 0x1f, 0x56, 0xcb, 0x01, 0x06, 0x97, 0x53, 0x12, 0xbd,
  0xe9, 0x03, 0x92, 0x0e, 0xd1, 0xde, 0xf0, 0xab, 0xe8, 0xc4, 0xb5, 0x5e,
  0xf6, 0x77, 0x77, 0xea, 0xfd, 0x50, 0x45, 0x5f, 0x9f, 0x9b, 0xc4, 0xd1,
  0x2e, 0xfb, 0xc9, 0x00, 0xec, 0xd1, 0x7e, 0xde, 0x9c, 0xd9, 0x79, 0xe0,
  0xcc, 0x3f, 0x74, 0x37, 0x5a, 0x2b, 0xe6, 0x14, 0x90, 0xe7, 0x63, 0xdc,
  0xe7, 0xc0, 0xdb, 0x5b, 0xfe, 0x3d, 0x30, 0xa1, 0xfc, 0x3c, 0x2e, 0xae,
  0xd3, 0xe1, 0x6e, 0x5a, 0x86, 0x3f, 0x9d, 0xb5, 0x39, 0x15, 0x78, 0xec,
  0x43, 0x7c, 0x50, 0x8a, 0x45, 0x5e, 0x61, 0x8a, 0xb9, 0xad, 0x2c, 0xc3,
  0xb9, 0x15, 0xc4, 0x1f, 0x2d, 0x8e, 0xba, 0xd3, 0xb9, 0xfb, 0x24, 0xdb,
  0xe0, 0xdc, 0x8a, 0x84, 0x34, 0x86, 0xed, 0x90, 0xe6, 0x31, 0x7f, 0x6f,
  0xf0, 0x6c, 0x77, 0x3d, 0xc0, 0x4b, 0x68, 0x76, 0xb1, 0xe2, 0x17, 0x78,
  0xda, 0xd4, 0x26, 0x3c, 0x23, 0xd1, 0x26, 0x25, 0xa5, 0x20, 0x56, 0x91,
  0x46, 0x62, 0x70, 0xcb, 0xdd, 0x0a, 0xef, 0x81, 0xef, 0x93, 0xfa, 0x0e,
  0x92, 0xf9, 0x0f, 0xe9, 0x15, 0xf6, 0xb7, 0x51, 0xd1, 0x37, 0x9b, 0x92,
  0x7e, 0xa2, 0x83, 0xfb, 0x0d, 0xe1, 0xe5, 0x48, 0xeb, 0xf6, 0x0a, 0xeb,
  0x7d, 0x53, 0xb6, 0x6d, 0x37, 0x10, 0xb5, 0x52, 0x79, 0xd6, 0x8f, 0x84,
  0xa2, 0x3e, 0xdc, 0x0b, 0xec, 0x73, 0xef, 0x30, 0x87, 0x3c, 0x4c, 0x11,
  0x62, 0xa7, 0x0a, 0xb4, 0x43, 0xd3, 0xa6, 0x1a, 0x83, 0xed, 0xcc, 0xe8,
  0x7e, 0xdf, 0x2c, 0x25, 0xff, 0xfb, 0x6e, 0x7f, 0x8e, 0x6a, 0x1d, 0x8b,
  0xbe, 0xae, 0x9a, 0x7e, 0xb6, 0x29, 0x53, 0x37, 0x98, 0xdb, 0xd0, 0x01,
  0x6d, 0xbf, 0x8d, 0xfe, 0x27, 0x52, 0xea, 0x91, 0x4c, 0x97, 0x3e, 0x3d,
  0xe1, 0x2b, 0x9b, 0x37, 0xd6, 0xd9, 0x48, 0x99, 0x3c, 0xf9, 0xfb, 0x0d,
  0x40, 0x7e, 0x06, 0xb8, 0x4a, 0xcb, 0xfb, 0x5d, 0xd1, 0x7b, 0x58, 0x91,
  0x00, 0xa6, 0x89, 0x87, 0x4a, 0x8a, 0x99, 0x2a, 0x27, 0xd3, 0x5a, 0xdd,
  0x40, 0xf6, 0xe8, 0xbb, 0xcd, 0x53, 0xe2, 0x34, 0xdf, 0x7a, 0xf1, 0xd1,
  0x9b, 0x74, 0x70, 0xc0, 0xb8, 0xd3, 0x70, 0xe2, 0xac, 0xde, 0x12, 0xaa,
  0x93, 0x10, 0x15, 0x9b, 0x63, 0x89, 0x67, 0xc8, 0x7a, 0xfc, 0xd5, 0x96,
  0xc1, 0x8c, 0x42, 0x5d, 0xc7, 0xb5, 0x56, 0xfc, 0x4e, 0x07, 0x27, 0xa9,
  0xe1, 0x5b, 0x3e, 0x4e, 0x0b, 0xd3, 0xec, 0x30, 0xd1, 0x8f, 0x37, 0xeb,
  0x33, 0xc3, 0xaf, 0xa3, 0xc5, 0x07, 0x69, 0xc3, 0xbd, 0x9c, 0x35, 0xf9,
  0x7f, 0x1b, 0xed, 0x10, 0x24, 0xf4, 0x86, 0x04, 0x40, 0x7d, 0x3e, 0x3f,
  0x17, 0xa3, 0x9b, 0x08, 0xa1, 0xce, 0xfe, 0x00, 0xe4, 0x53, 0x23, 0x1d,
  0xf9, 0x43, 0xe2, 0xb8, 0x0e, 0x54, 0x2f, 0x4c, 0x86, 0x74, 0x50, 0x98,
  0xb9, 0xdc, 0x94, 0xa8, 0xb2, 0xcf, 0xe5, 0x46, 0x21, 0x61, 0x70, 0x13,
  0x8f, 0x47, 0xd8, 0x58, 0x47, 0x69, 0x28, 0x9b, 0xd4, 0x45, 0xc4, 0x03,
  0x50, 0x73, 0xf6, 0xc9, 0x8a, 0x69, 0x71, 0xb2, 0x97, 0x03, 0xd4, 0xc1,
  0xf3, 0xb3, 0xc5, 0x7f, 0xc0, 0x66, 0x87, 0x46, 0x71, 0x19, 0xda, 0xf6,
  0x73, 0x74, 0xd3, 0xf5, 0x26, 0xae, 0xbb, 0x19, 0x9e, 0x3f, 0x1d, 0x13,
  0xf8, 0x0d, 0xb7, 0xb1, 0x40, 0x74, 0x51, 0xe2, 0xe4, 0x4d, 0x7d, 0x36,
  0x6e, 0x52, 0x59, 0x44, 0x84, 0x1a, 0x59, 0x28, 0x83, 0xdb, 0xf6, 0xdf,
  0x9e, 0xe3, 0x7f, 0x63, 0xe7, 0x35, 0x4d, 0xc2, 0x9d, 0x3f, 0x86, 0x14,
  0x08, 0x38, 0x55, 0xd6, 0xe4, 0xc2, 0x8d, 0xae, 0xdd, 0xa6, 0x62, 0x4e,
  0xbe, 0x49, 0x02, 0xca, 0xdf, 0xc9, 0x78, 0x07, 0xd6, 0x9c, 0x2b, 0xf0,
  0xe5, 0xf2, 0x94, 0x32, 0x9c, 0xba, 0x33, 0xac, 0x9c, 0x62, 0x19, 0xea,
  0x95, 0x01, 0xaa, 0x35, 0xe2, 0xeb, 0xc4, 0x6c, 0x93, 0x60, 0x67, 0x32,
  0x6d, 0xf7, 0xee, 0x16, 0x21, 0x10, 0x7a, 0x61, 0xfb, 0xc5, 0x00, 0x12,
  0x8d, 0xf5, 0x22, 0x91, 0xef, 0xe0, 0x63, 0xb6, 0xd7, 0x9e, 0x4e, 0x4f,
  0x0d, 0x11, 0xe5, 0x5d, 0x16, 0xf1, 0x71, 0x72, 0x65, 0x9b, 0x44, 0xe6,
  0xfb, 0xd4, 0x61, 0xe2, 0x5e, 0x4e, 0x68, 0xe6, 0x46, 0xba, 0x98, 0x43,
  0x8c, 0x9a, 0xf1, 0x13, 0xb5, 0x3e, 0xa0, 0x1f, 0x87, 0x6d, 0x90, 0x16,
  0x3c, 0xe4, 0x25, 0xc5, 0x48, 0x2e, 0xf7, 0x4a, 0x25, 0xc7, 0xbe, 0x05,
  0xfb, 0xfc, 0x35, 0xe6, 0x58, 0x5a, 0x0a, 0xe2, 0xda, 0xca, 0x98, 0x9f,
  0x72, 0xcb, 0x1c, 0xf2, 0xc3, 0x6b, 0x9c, 0xe7, 0x62, 0xbf, 0x98, 0x1b,
  0x6f, 0xa1, 0x0c, 0x10, 0xb2, 0x9d, 0xf7, 0x37, 0x52, 0x92, 0x97, 0x6d,
  0x90, 0x03, 0xab, 0x36, 0x72, 0xe7, 0x1b, 0xe3, 0x25, 0x33, 0x35, 0x51,
  0x61, 0x1b, 0xd6, 0x93, 0xd3, 0x14, 0x84, 0x86, 0x08, 0xab, 0x7a, 0xe4,
  0xcc, 0xf0, 0xf4, 0x99, 0xaf, 0x7a, 0xc3, 0xac, 0xfa, 0xcd, 0xb6, 0x75,
  0x34, 0xc6, 0x0a, 0xb6, 0x66, 0xbe, 0xeb, 0x33, 0x5d, 0xf1, 0x3c, 0x71,
  0x61, 0x01, 0x68, 0x1f, 0x90, 0xb1, 0xc9, 0x3c, 0xad, 0x3b, 0x62, 0xe8,
  0x6e, 0x1c, 0x72, 0xff, 0x18, 0xca, 0xdb, 0xdc, 0x44, 0x0c, 0x18, 0x7a,
  0x3c, 0x1d, 0x00, 0x30, 0xbf, 0x6f, 0x70, 0xf1, 0xd4, 0x04, 0xac, 0x12,
  0xc6, 0x49, 0xb5, 0xbb, 0xc4, 0xf6, 0x25, 0x9f, 0xc8, 0x9f, 0xbb, 0xcb,
  0x80, 0x7f, 0xbe, 0x3f, 0x8b, 0x74, 0xd3, 0xef, 0x11, 0x10, 0x5a, 0x16,
  0xc6, 0x77, 0x7a, 0x88, 0xdc, 0x74, 0xfd, 0xfc, 0xc1, 0x8b, 0x57, 0xda,
  0xfd, 0x3e, 0xb8, 0xe6, 0xe0, 0x49, 0x32, 0x7b, 0x4a, 0x62, 0xa4, 0x07,
  0x5d, 0x7a, 0xeb, 0xb6, 0xab, 0xc8, 0x2b, 0x78, 0x9a, 0x30, 0x71, 0x2f
};